ARGENTINA;[A];Años;;;;;;;;;;;;;;;;;;;;;;;;;;;;;;;;;;;;;;;;;;;;;;;;;;;;;;;;;;;;;;;;;;;;;;;;;;;;;;;;;;
Meses;;1980;;1981;;1982;;1983;;1984;;1985;;1986;;1987;;1988;;1989;;1990;;1991;;1992;;1993;;1994;;1995;;1996;;1997;;1998;;1999;;2000;;2001;;2002;;2003;;2004;;2005;;2006;;2007;;2008;;2009;;2010;;2011;;2012;;2013;;2014;;2015;;2016;;2017;;2018;;2019;;2020;;2021
Enero;;0;/a;0;;0;;0;;0;;0;;0;;0;;0;;0;;0,7;;5,8;;10,2;;11,7;;12,5;;13,1;;13,2;;13,2;;13,3;;13,4;;13,2;;13;;13,1;;18,2;;18,7;;20,1;;22,5;;24,7;;26,7;;28,5;;30,9;;34,2;;37,5;;41,6;;47,3;;57,7;;75,2;;101,3;;127;;189,1;;286,5;;389,4
Febrero;;0;;0;;0;;0;;0;;0;;0;;0;;0;;0;;1,1;;7,3;;10,4;;11,8;;12,5;;13,1;;13,2;;13,3;;13,3;;13,3;;13,2;;12,9;;13,5;;18,3;;18,7;;20,3;;22,6;;24,8;;26,8;;28,7;;31,3;;34,4;;37,8;;41,8;;49;;58,6;;78;;103,8;;130,3;;196,4;;291,7;;403,5
Marzo;;0;;0;;0;;0;;0;;0;;0;;0;;0;;0;;2,1;;8,2;;10,6;;11,9;;12,5;;13,1;;13,1;;13,2;;13,3;;13,2;;13,1;;13;;14;;18,4;;18,9;;20,6;;22,9;;25;;27,2;;28,9;;31,6;;34,7;;38,1;;42,1;;50,2;;59,6;;80,6;;106,3;;133,5;;205,8;;302,2;;424,5
1º Trimestre;;0;;0;;0;;0;;0;;0;;0;;0;;0;;0;;1,3;;7,1;;10,4;;11,8;;12,5;;13,1;;13,1;;13,2;;13,3;;13,3;;13,1;;13;;13,5;;18,3;;18,8;;20,3;;22,7;;24,8;;26,9;;28,7;;31,3;;34,4;;37,8;;41,9;;48,8;;58,6;;77,9;;103,8;;130,3;;197,1;;293,5;;405,8
Abril;;0;;0;;0;;0;;0;;0;;0;;0;;0;;0;;2,3;;8,6;;10,8;;12;;12,5;;13,1;;13,1;;13,2;;13,3;;13,2;;13,1;;13,1;;15,5;;18,4;;19;;20,7;;23,1;;25,1;;27,4;;28,9;;31,9;;35;;38,4;;42,5;;51,1;;60,9;;85,5;/w;109,1;;136,9;;212,4;;306,4;;441,9
Mayo;;0;;0;;0;;0;;0;;0;;0;;0;;0;;0;;2,7;;8,8;;10,8;;12,2;;12,6;;13,1;;13,1;;13,2;;13,3;;13,2;;13;;13,1;;16,1;;18,4;;19,2;;20,8;;23,2;;25,2;;27,5;;29;;32,1;;35,3;;38,7;;42,7;;51,9;;62,3;;89,1;;110,5;;139,6;;218,9;;311,1;;456,8
Junio;;0;;0;;0;;0;;0;;0;;0;;0;;0;;0,1;;3;;9,1;;10,9;;12,3;;12,6;;13,1;;13,1;;13,2;;13,3;;13,2;;13;;13;;16,7;;18,4;;19,3;;21;;23,3;;25,4;;27,7;;29,2;;32,4;;35,5;;39;;43,1;;52,5;;63,1;;91,9;;112;;145,1;;224,6;;317,5;;470,8
2º Trimestre;;0;;0;;0;;0;;0;;0;;0;;0;;0;;0;;2,7;;8,9;;10,8;;12,1;;12,6;;13,1;;13,1;;13,2;;13,3;;13,2;;13;;13;;16,1;;18,4;;19,1;;20,8;;23,2;;25,2;;27,5;;29,1;;32,1;;35,3;;38,7;;42,8;;51,8;;62,1;;88,8;;110,5;;140,5;;218,6;;311,7;;456,5
Julio;;0;;0;;0;;0;;0;;0;;0;;0;;0;;0,2;;3,4;;9,4;;11,1;;12,3;;12,7;;13,1;;13,1;;13,2;;13,4;;13,2;;13,1;;12,9;;17,2;;18,4;;19,4;;21,2;;23,5;;25,5;;27,8;;29,3;;32,6;;35,8;;39,3;;43,5;;53,3;;64,4;;93,7;;113,9;;149,1;;229,4;;322,7;;485,3
Agosto;;0;;0;;0;;0;;0;;0;;0;;0;;0;;0,2;;3,9;;9,5;;11,3;;12,3;;12,8;;13,1;;13,1;;13,2;;13,4;;13,1;;13;;12,9;;17,6;;18,4;;19,4;;21,3;;23,6;;25,6;;27,9;;29,6;;32,9;;36,1;;39,7;;43,9;;54;;65,6;;93,9;;115,6;;155,2;;238,3;;331,7;;497,9
Septiembre;;0;;0;;0;;0;;0;;0;;0;;0;;0;;0,2;;4,5;;9,7;;11,4;;12,4;;12,9;;13,1;;13,2;;13,2;;13,4;;13,1;;13;;12,9;;17,8;;18,5;;19,5;;21,5;;23,8;;25,8;;28,1;;29,8;;33,1;;36,4;;40;;44,2;;54,7;;66,7;;95;;118;;165,5;;252,1;;340,9;;517
3º Trimestre;;0;;0;;0;;0;;0;;0;;0;;0;;0;;0,2;;3,9;;9,5;;11,3;;12,3;;12,8;;13,1;;13,1;;13,2;;13,4;;13,1;;13;;12,9;;17,5;;18,4;;19,4;;21,4;;23,6;;25,6;;27,9;;29,6;;32,9;;36,1;;39,7;;43,9;;54;;65,6;;94,2;;115,8;;156,6;;240;;331,8;;500,1
Octubre;;0;;0;;0;;0;;0;;0;;0;;0;;0;;0,2;;4,8;;9,8;;11,5;;12,5;;12,9;;13,2;;13,2;;13,2;;13,3;;13,1;;13;;12,8;;17,9;;18,6;;19,6;;21,7;;24;;26;;28,2;;30;;33,4;;36,6;;40,4;;44,6;/v;55,4;;67,8;;97,2;;119,5;;173,9;;260,2;;353;;...
Noviembre;;0;;0;;0;;0;;0;;0;;0;;0;;0;;0,3;;5,1;;9,8;;11,6;;12,5;;12,9;;13,1;;13,2;;13,2;;13,3;;13,1;;13;;12,8;;18;;18,6;;19,6;;22;;24,2;;26,2;;28,3;;30,3;;33,6;;36,8;;40,7;;45;;56;;69,2;;98,8;;120,9;;178,9;;270,8;;363,5;;...
Diciembre;;0;;0;;0;;0;;0;;0;;0;;0;;0;;0,4;;5,4;;9,9;;11,6;;12,5;;13;;13,2;;13,2;;13,2;;13,3;;13,1;;13;;12,8;;18;;18,6;;19,8;;22,2;;24,4;;26,5;;28,4;;30,6;;33,9;;37,1;;41,2;;45,7;;56,6;;72,2;;100;;125;;183,9;;281,2;;377,1;;...
4º Trimestre;;0;;0;;0;;0;;0;;0;;0;;0;;0;;0,3;;5,1;;9,8;;11,6;;12,5;;12,9;;13,2;;13,2;;13,2;;13,3;;13,1;;13;;12,8;;17,9;;18,6;;19,7;;22;;24,2;;26,2;;28,3;;30,3;;33,6;;36,9;;40,8;;45,1;;56;;69,7;;98,7;;121,8;;178,9;;270,7;;364,5;;#¡DIV/0!
;;;;;;;;;;;;;;;;;;;;;;;;;;;;;;;;;;;;;;;;;;;;;;;;;;;;;;;;;;;;;;;;;;;;;;;;;;;;;;;;;;;;
BOLIVIA (ESTADO PLURINACIONAL DE);[B]/b,c;Años;;;;;;;;;;;;;;;;;;;;;;;;;;;;;;;;;;;;;;;;;;;;;;;;;;;;;;;;;;;;;;;;;;;;;;;;;;;;;;;;;;
Meses;;1980;;1981;;1982;;1983;;1984;;1985;;1986;;1987;;1988;;1989;;1990;;1991;;1992;;1993;;1994;;1995;;1996;;1997;;1998;;1999;;2000;;2001;;2002;;2003;;2004;;2005;;2006;;2007;;2008;;2009;;2010;;2011;;2012;;2013;;2014;;2015;;2016;;2017;;2018;;2019;;2020;;2021
Enero;;0;;0;;0;;0;;0;;0,1;;8,8;;11,3;;12,1;;14,9;;17,4;;21,5;;23,9;;26,2;;28,4;;30,8;;34,9;;37,1;;40,1;;41,4;;42,8;;44,2;;44,5;;45,7;;47,7;;50,2;;52,2;;55,3;;61,6;;68,4;;68,5;;74,2;;78,6;;82,4;;87,4;;92,6;;94,8;;98,3;;101,2;;102,6;;103,9;;105,1
Febrero;;0;;0;;0;;0;;0;;0,4;;9,5;;11,4;;12,3;;14,9;;17,4;;21,6;;24,4;;26,4;;28,5;;30,9;;35,8;;37,2;;40,5;;41,5;;43;;44,2;;44,6;;45,6;;47,7;;50,3;;52,4;;55,8;;63,2;;68,4;;68,6;;75,4;;78,9;;83;;88,1;;92,9;;95,4;;98,7;;101,5;;102,5;;103,8;;105,2
Marzo;;0;;0;;0;;0;;0;;0,5;;9,5;;11,5;;12,5;;15,1;;17,5;;21,7;;24,6;;26,4;;28,5;;31,2;;35,8;;37,1;;40,6;;41,4;;43,3;;44,1;;44,4;;45,7;;47,6;;50,3;;52,2;;56;;63,8;;68;;68,5;;76,1;;79,2;;83,2;;88,3;;92,5;;95,5;;98,7;;101,4;;102,4;;103,9;;105,1
1º Trimestre;;0;;0;;0;;0;;0;;0,3;;9,3;;11,4;;12,3;;15;;17,4;;21,6;;24,3;;26,3;;28,4;;31;;35,5;;37,1;;40,4;;41,4;;43;;44,1;;44,5;;45,7;;47,7;;50,3;;52,3;;55,7;;62,9;;68,3;;68,5;;75,3;;78,9;;82,8;;87,9;;92,6;;95,2;;98,5;;101,3;;102,5;;103,8;;105,1
Abril;;0;;0;;0;;0;;0;;0,5;;9,9;;11,7;;13;;15,1;;17,5;;21,8;;24,6;;26,4;;28,6;;31,7;;35,7;;37,3;;40,7;;41,3;;43,7;;44,2;;44,4;;45,8;;47,6;;50,1;;52,3;;55,8;;64,3;;67,7;;68,6;;76,1;;79,3;;83,2;;88,4;;92,1;;95,9;;98,3;;101,2;;102,6;;104,3;;105
Mayo;;0;;0;;0;;0;;0;;0,7;;10;;11,7;;13,2;;15,2;;17,6;;22;;24,8;;26,6;;28,8;;31,9;;35,8;;37,5;;40,8;;41,3;;43,2;;44,1;;44,4;;45,8;;47,8;;50,5;;52,7;;56,1;;65,5;;67,6;;68,6;;76,3;;79,7;;83,4;;88,8;;92,4;;97;;98,2;;101,3;;103,1;;104,3;;104,9
Junio;;0;;0;;0;;0;;0;;1,3;;10,4;;11,7;;13,5;;15,1;;18;;22,2;;24,9;;26,9;;28,9;;32,1;;36;;37,9;;40,9;;41,5;;43,2;;44,4;;44,5;;45,9;;48,2;;51,3;;53;;56,5;;66,3;;67,7;;68,6;;76,4;;79,9;;83,7;;89,8;;92,7;;96,6;;98,3;;101,5;;103,2;;104,7;;104,9
2º Trimestre;;0;;0;;0;;0;;0;;0,9;;10,1;;11,7;;13,3;;15,1;;17,7;;22;;24,8;;26,6;;28,8;;31,9;;35,8;;37,6;;40,8;;41,4;;43,4;;44,2;;44,4;;45,9;;47,9;;50,6;;52,7;;56,1;;65,4;;67,7;;68,6;;76,3;;79,6;;83,5;;89;;92,4;;96,5;;98,3;;101,3;;102,9;;104,5;;104,9
Julio;;0;;0;;0;;0;;0;;2,1;;10,6;;11,7;;14;;15,2;;18,3;;22,4;;25,1;;27,2;;29,2;;32,2;;36,4;;38,4;;41;;41,6;;43,5;;44,9;;44,7;;46,2;;48,4;;51;;53,3;;58,1;;66,6;;67,6;;69,1;;76,8;;80,2;;84,2;;90,5;;93,3;;96,6;;99,1;;101,5;;103,4;;104,8;;105
Agosto;;0;;0;;0;;0;;0;;3,6;;10,6;;11,8;;14,4;;15,7;;18,5;;22,6;;25,4;;27,6;;29,6;;32,4;;36,8;;38,6;;41;;41,8;;43,7;;44,6;;44,8;;46,5;;48,6;;51,2;;53,4;;59;;67,1;;68;;69,8;;77,1;;80,4;;85,3;;90,6;;93,5;;96,7;;99,9;;101,7;;104;;105,4;;105,6
Septiembre;;0;;0;;0;;0;;0;;5,6;;10,9;;11,9;;14,3;;16,3;;18,7;;22,7;;25,4;;27,8;;29,7;;32,5;;36,9;;38,2;;41;;42;;44,5;;44,5;;45;;46,6;;48,6;;51,3;;53,5;;59,1;;67,7;;68,1;;70,3;;77,3;;80,7;;86,5;;90,2;;93,9;;97,2;;100,7;;101,6;;103,9;;104,4;;105,4
3º Trimestre;;0;;0;;0;;0;;0;;3,8;;10,7;;11,8;;14,2;;15,7;;18,5;;22,5;;25,3;;27,5;;29,5;;32,4;;36,7;;38,4;;41;;41,8;;43,9;;44,7;;44,8;;46,4;;48,5;;51,2;;53,4;;58,7;;67,1;;67,9;;69,7;;77,1;;80,5;;85,4;;90,4;;93,5;;96,8;;99,9;;101,6;;103,8;;104,9;;105,3
Octubre;;0;;0;;0;;0;;0;;5,5;;10,9;;12,1;;14,6;;16,6;;19,4;;22,9;;25,5;;27,9;;30;;33,2;;36,8;;38,4;;41,4;;42,3;;45,1;;44,5;;45,2;;47,2;;49;;51,5;;53,7;;59,8;;67,8;;68,3;;71,2;;77,7;;81,1;;87,1;;90,3;;94,2;;97,5;;100,4;;101,8;;104,3;;104,6;;...
Noviembre;;0;;0;;0;;0;;0;;5,7;;10,9;;12,1;;14,6;;16,9;;19,9;;23,1;;25,6;;28;;30,5;;33,7;;37;;38,4;;41,4;;42,4;;44;;44,4;;45,5;;46,9;;49,3;;51,7;;54,1;;60,6;;67,9;;68,2;;72;;77,9;;81;;87,1;;90,9;;94,3;;97,9;;100,5;;102;;105,5;;104,4;;...
Diciembre;;0;;0;;0;;0;;0,1;;6,6;;11;;12,2;;14,8;;17,2;;20,3;;23,3;;25,7;;28,1;;30,5;;34,4;;37,1;;39,6;;41,3;;42,6;;44,1;;44,5;;45,6;;47,4;;49,5;;52;;54,6;;60,9;;68,2;;68,4;;73,3;;78,3;;81,9;;87,2;;91,7;;94,4;;98,2;;100,9;;102,4;;103,9;;104,6;;...
4º Trimestre;;0;;0;;0;;0;;0,1;;5,9;;11;;12,1;;14,7;;16,9;;19,9;;23,1;;25,6;;28;;30,3;;33,8;;37;;38,8;;41,4;;42,4;;44,4;;44,5;;45,4;;47,2;;49,3;;51,7;;54,1;;60,4;;67,9;;68,3;;72,1;;78;;81,3;;87,1;;91;;94,3;;97,9;;100,6;;102,1;;104,6;;104,5;;#¡DIV/0!
;;;;;;;;;;;;;;;;;;;;;;;;;;;;;;;;;;;;;;;;;;;;;;;;;;;;;;;;;;;;;;;;;;;;;;;;;;;;;;;;;;;;
BRASIL;[C]/d,e;Años;;;;;;;;;;;;;;;;;;;;;;;;;;;;;;;;;;;;;;;;;;;;;;;;;;;;;;;;;;;;;;;;;;;;;;;;;;;;;;;;;;
Meses;;1980;;1981;;1982;;1983;;1984;;1985;;1986;;1987;;1988;;1989;;1990;;1991;;1992;;1993;;1994;;1995;;1996;;1997;;1998;;1999;;2000;;2001;;2002;;2003;;2004;;2005;;2006;;2007;;2008;;2009;;2010;;2011;;2012;;2013;;2014;;2015;;2016;;2017;;2018;;2019;;2020;;2021
Enero;;0;;0;;0;;0;;0;;0;;0;;0;;0;;0;;0;;0;;0;;0,1;;4,1;;30,2;;36,8;;40,3;;42,2;;42,9;;46,7;;49,5;;53,2;;60,9;;65,6;;70,5;;74,5;;76,7;;80,2;;84,9;;88,8;;94,1;;100;;106,2;;112,1;;120,1;;132,9;;140,1;;144,1;;149,5;;155,8;;162,9
Febrero;;0;;0;;0;;0;;0;;0;;0;;0;;0;;0;;0;;0;;0;;0,2;;5,8;;30,5;;37,2;;40,5;;42,4;;43,4;;46,8;;49,7;;53,4;;61,9;;66;;70,9;;74,8;;77,1;;80,6;;85,4;;89,5;;94,9;;100,5;;106,8;;112,9;;121,6;;134,1;;140,5;;144,5;;150,1;;156,2;;164,3
Marzo;;0;;0;;0;;0;;0;;0;;0;;0;;0;;0;;0;;0;;0;;0,2;;8,3;;31;;37,3;;40,7;;42,5;;43,8;;46,9;;49,9;;53,7;;62,7;;66,3;;71,3;;75,1;;77,4;;81;;85,6;;90;;95,6;;100,7;;107,3;;113,9;;123,2;;134,7;;140,9;;144,7;;151,3;;156,3;;165,7
1º Trimestre;;0;;0;;0;;0;;0;;0;;0;;0;;0;;0;;0;;0;;0;;0,2;;6,1;;30,6;;37,1;;40,5;;42,4;;43,4;;46,8;;49,7;;53,5;;61,8;;66;;70,9;;74,8;;77,1;;80,6;;85,3;;89,4;;94,9;;100,4;;106,7;;112,9;;121,6;;133,9;;140,5;;144,4;;150,3;;156,1;;164,3
Abril;;0;;0;;0;;0;;0;;0;;0;;0;;0;;0;;0;;0;;0;;0,3;;11,8;;31,7;;37,8;;41,1;;42,6;;44,1;;47,1;;50,2;;54,2;;63,3;;66,6;;72;;75,3;;77,6;;81,5;;86;;90,5;;96,4;;101,3;;107,9;;114,7;;124;;135,5;;141,1;;145;;152,1;;155,8;;166,2
Mayo;;0;;0;;0;;0;;0;;0;;0;;0;;0;;0;;0;;0;;0;;0,4;;17;;32,6;;38,3;;41,2;;42,9;;44,2;;47,1;;50,4;;54,3;;63,6;;66,9;;72,3;;75,4;;77,8;;82,1;;86,4;;90,9;;96,8;;101,7;;108,3;;115,2;;125;;136,6;;141,5;;145,6;;152,3;;155,2;;167,6
Junio;;0;;0;;0;;0;;0;;0;;0;;0;;0;;0;;0;;0;;0;;0,5;;25;;33,3;;38,7;;41,5;;42,9;;44,3;;47,2;;50,6;;54,5;;63,6;;67,4;;72,3;;75,2;;78;;82,7;;86,7;;90,9;;97;;101,8;;108,6;;115,7;;125,9;;137,1;;141,2;;147,4;;152,3;;155,6;;168,5
2º Trimestre;;0;;0;;0;;0;;0;;0;;0;;0;;0;;0;;0;;0;;0;;0,4;;17,9;;32,5;;38,3;;41,2;;42,8;;44,2;;47,1;;50,4;;54,3;;63,5;;67;;72,2;;75,3;;77,8;;82,1;;86,3;;90,8;;96,7;;101,6;;108,2;;115,2;;125;;136,4;;141,3;;146;;152,3;;155,5;;167,4
Julio;;0;;0;;0;;0;;0;;0;;0;;0;;0;;0;;0;;0;;0;;0,6;;26,8;;34,1;;39,2;;41,5;;42,8;;44,8;;47,9;;51,3;;55,2;;63,7;;68;;72,5;;75,4;;78,2;;83,2;;86,9;;90,9;;97,1;;102,2;;108,6;;115,7;;126,7;;137,8;;141,5;;147,9;;152,6;;156,1;;170,1
Agosto;;0;;0;;0;;0;;0;;0;;0;;0;;0;;0;;0;;0;;0;;0,9;;27,3;;34,4;;39,3;;41,5;;42,6;;45;;48,6;;51,7;;55,5;;63,9;;68,5;;72,6;;75,4;;78,5;;83,4;;87;;90,9;;97,5;;102,6;;108,9;;116;;127;;138,4;;141,8;;147,7;;152,8;;156,5;;171,6
Septiembre;;0;;0;;0;;0;;0;;0;;0;;0;;0;;0;;0;;0;;0,1;;1,2;;27,7;;34,8;;39,4;;41,6;;42,5;;45,2;;48,7;;51,8;;55,9;;64,4;;68,7;;72,9;;75,6;;78,7;;83,6;;87,2;;91,3;;98;;103,2;;109,2;;116,6;;127,7;;138,5;;142;;148,4;;152,7;;157,5;;173,5
3º Trimestre;;0;;0;;0;;0;;0;;0;;0;;0;;0;;0;;0;;0;;0;;0,9;;27,2;;34,4;;39,3;;41,5;;42,6;;45;;48,4;;51,6;;55,5;;64;;68,4;;72,6;;75,4;;78,5;;83,4;;87,1;;91,1;;97,6;;102,7;;108,9;;116,1;;127,1;;138,2;;141,8;;148;;152,7;;156,7;;171,7
Octubre;;0;;0;;0;;0;;0;;0;;0;;0;;0;;0;;0;;0;;0,1;;1,6;;28,4;;35,3;;39,5;;41,7;;42,5;;45,7;;48,7;;52,2;;56,7;;64,6;;69;;73,4;;75,8;;78,9;;84;;87,5;;92;;98,4;;103,8;;109,9;;117,1;;128,7;;138,9;;142,6;;149,1;;152,9;;158,9;;...
Noviembre;;0;;0;;0;;0;;0;;0;;0;;0;;0;;0;;0;;0;;0,1;;2,1;;29,2;;35,8;;39,6;;41,7;;42,5;;46,1;;48,9;;52,6;;58,4;;64,8;;69,5;;73,8;;76;;79,2;;84,3;;87,8;;92,8;;98,9;;104,4;;110,5;;117,7;;130;;139,1;;143;;148,8;;153,7;;160,3;;...
Diciembre;;0;;0;;0;;0;;0;;0;;0;;0;;0;;0;;0;;0;;0,1;;2,9;;29,7;;36,4;;39,8;;41,9;;42,6;;46,4;;49,2;;53;;59,6;;65,1;;70,1;;74,1;;76,4;;79,8;;84,5;;88,2;;93,4;;99,4;;105,2;;111,5;;118,6;;131,3;;139,5;;143,6;;149;;155,4;;162,5;;...
4º Trimestre;;0;;0;;0;;0;;0;;0;;0;;0;;0;;0;;0;;0;;0,1;;2,2;;29,1;;35,8;;39,7;;41,8;;42,5;;46,1;;48,9;;52,6;;58,2;;64,8;;69,5;;73,8;;76,1;;79,3;;84,3;;87,8;;92,7;;98,9;;104,5;;110,6;;117,8;;130;;139,2;;143,1;;149;;154;;160,5;;#¡DIV/0!
;;;;;;;;;;;;;;;;;;;;;;;;;;;;;;;;;;;;;;;;;;;;;;;;;;;;;;;;;;;;;;;;;;;;;;;;;;;;;;;;;;;;
CHILE;[G]/l,m;Años;;;;;;;;;;;;;;;;;;;;;;;;;;;;;;;;;;;;;;;;;;;;;;;;;;;;;;;;;;;;;;;;;;;;;;;;;;;;;;;;;;
Meses;;1980;;1981;;1982;;1983;;1984;;1985;;1986;;1987;;1988;;1989;;1990;;1991;;1992;;1993;;1994;;1995;;1996;;1997;;1998;;1999;;2000;;2001;;2002;;2003;;2004;;2005;;2006;;2007;;2008;;2009;;2010;;2011;;2012;;2013;;2014;;2015;;2016;;2017;;2018;;2019;;2020;;2021
Enero;;3,1;;4,1;;4,5;;5,4;;6,6;;8,4;;10,5;;12,3;;14,7;;16,6;;20,5;;25,5;;30,5;;33,9;;38,6;;41,8;;45,1;;48,2;;51,2;;53,1;;54,6;;57,1;;58,4;;60,1;;60,6;;62;;64,5;;66,3;;71,9;;76,5;;76,4;;78,5;;81,8;;83,2;;85,7;;89,6;;93,8;;96,5;;98,6;;100,8;;104,2;;107,5
Febrero;;3,2;;4,1;;4,4;;5,4;;6,6;;8,5;;10,6;;12,5;;14,8;;16,7;;20,5;;25,6;;30,3;;34,2;;38,7;;42,1;;45,3;;48,6;;51,2;;53,1;;54,9;;57;;58,4;;60,6;;60,6;;61,9;;64,5;;66,2;;72,2;;76,2;;76,6;;78,6;;82,1;;83,3;;86,1;;89,9;;94,1;;96,7;;98,6;;100,8;;104,7;;107,7
Marzo;;3,3;;4,2;;4,4;;5,6;;6,7;;8,8;;10,8;;12,7;;15;;17;;21;;25,9;;30,5;;34,4;;39,1;;42,3;;45,7;;48,8;;51,4;;53,4;;55,3;;57,2;;58,7;;61,3;;60,9;;62,3;;64,9;;66,5;;72,8;;76,5;;76,7;;79,3;;82,3;;83,6;;86,8;;90,4;;94,5;;97,1;;98,8;;101,3;;105,1;;108,1
1º Trimestre;;3,2;;4,1;;4,4;;5,5;;6,6;;8,5;;10,6;;12,5;;14,8;;16,8;;20,7;;25,7;;30,4;;34,2;;38,8;;42,1;;45,4;;48,5;;51,2;;53,2;;54,9;;57,1;;58,5;;60,7;;60,7;;62,1;;64,6;;66,4;;72,3;;76,4;;76,6;;78,8;;82,1;;83,3;;86,2;;90;;94,1;;96,7;;98,7;;100,9;;104,7;;107,8
Abril;;3,4;;4,2;;4,4;;5,7;;6,8;;9;;10,9;;13;;15,2;;17,1;;21,4;;26,3;;30,9;;34,9;;39,3;;42,6;;46,1;;48,9;;51,6;;53,6;;55,5;;57,5;;58,9;;61,3;;61,1;;62,9;;65,3;;66,9;;73,1;;76,4;;77;;79,5;;82,3;;83,2;;87,4;;91;;94,8;;97,3;;99,1;;101,5;;105;;108,5
Mayo;;3,5;;4,3;;4,4;;5,8;;6,9;;9,1;;11;;13,2;;15,2;;17,5;;21,7;;27;;31,3;;35,4;;39,9;;42,8;;46,5;;49;;51,7;;53,7;;55,7;;57,7;;59;;61;;61,4;;63,1;;65,4;;67,3;;73,9;;76,2;;77,3;;79,8;;82,3;;83,2;;87,6;;91,1;;95;;97,4;;99,4;;102,2;;105;;108,8
Junio;;3,5;;4,3;;4,4;;5,9;;7;;9,5;;11,1;;13,3;;15,3;;17,8;;22,2;;27,5;;31,5;;35,6;;40,1;;43,1;;46,7;;49,2;;51,8;;53,8;;55,8;;57,8;;58,9;;61;;61,7;;63,3;;65,8;;67,9;;75;;76,4;;77,3;;80;;82,1;;83,7;;87,7;;91,6;;95,4;;97;;99,5;;102,2;;104,9;;108,9
2º Trimestre;;3,5;;4,2;;4,4;;5,8;;6,9;;9,2;;11;;13,1;;15,2;;17,5;;21,8;;26,9;;31,2;;35,3;;39,8;;42,8;;46,4;;49;;51,7;;53,7;;55,7;;57,7;;58,9;;61,1;;61,4;;63,1;;65,5;;67,4;;74;;76,3;;77,2;;79,8;;82,2;;83,4;;87,6;;91,2;;95,1;;97,3;;99,4;;102;;105;;108,7
Julio;;3,6;;4,3;;4,5;;6;;7,1;;9,6;;11,3;;13,5;;15,3;;18,1;;22,6;;28;;31,8;;35,9;;40,3;;43,5;;46,8;;49,5;;52,1;;53,8;;55,9;;57,7;;59,2;;61;;61,8;;63,7;;66,2;;68,7;;75,9;;76,1;;77,8;;80,1;;82,1;;83,9;;87,9;;92;;95,7;;97,3;;99,9;;102,4;;105;;109,8
Agosto;;3,7;;4,3;;4,7;;6,2;;7,1;;9,7;;11,3;;13,7;;15,5;;18,3;;23;;28,3;;32,3;;36,7;;40,8;;44,2;;47;;49,7;;52,2;;53,9;;56;;58,1;;59,4;;61,1;;62,1;;63,9;;66,3;;69,5;;76,6;;75,8;;77,7;;80,2;;82,2;;84,1;;88,2;;92,6;;95,7;;97,5;;100;;102,6;;105,1;;110,2
Septiembre;;3,8;;4,4;;4,9;;6,3;;7,3;;9,8;;11,5;;13,9;;15,6;;18,7;;24,2;;28,7;;33;;37,1;;41;;44,5;;47,3;;50,1;;52,5;;54;;56,3;;58,5;;59,9;;61,2;;62,1;;64,5;;66,4;;70,2;;77,4;;76,6;;78;;80,6;;82,9;;84,6;;88,9;;93;;95,9;;97,3;;100,4;;102,6;;105,8;;111,5
3º Trimestre;;3,7;;4,3;;4,7;;6,2;;7,2;;9,7;;11,4;;13,7;;15,5;;18,4;;23,2;;28,3;;32,4;;36,6;;40,7;;44,1;;47;;49,7;;52,3;;53,9;;56,1;;58,1;;59,5;;61,1;;62;;64,1;;66,3;;69,5;;76,6;;76,2;;77,9;;80,3;;82,4;;84,2;;88,3;;92,5;;95,8;;97,4;;100,1;;102,6;;105,3;;110,5
Octubre;;3,9;;4,4;;5,1;;6,5;;7,9;;10;;11,7;;14,3;;15,8;;19,2;;25,1;;29,5;;33,5;;38,1;;41,2;;44,8;;47,6;;50,7;;52,9;;54,2;;56,7;;58,6;;60,4;;61,1;;62,3;;64,9;;66,2;;70,5;;78,1;;76,6;;78,1;;81;;83,3;;84,7;;89,8;;93,4;;96,1;;97,9;;100,7;;103,5;;106,5;;...
Noviembre;;4;;4,4;;5,3;;6,5;;8;;10,1;;11,8;;14,5;;16,1;;19,6;;25,3;;29,8;;34;;38,1;;41,5;;44,9;;47,8;;50,8;;53;;54,3;;56,9;;58,6;;60,4;;60,9;;62,4;;64,7;;66,1;;71;;78;;76,2;;78,2;;81,2;;83;;85;;89,9;;93,4;;96,1;;98;;100,7;;103,6;;106,4;;...
Diciembre;;4;;4,4;;5,3;;6,6;;8,1;;10,2;;12;;14,6;;16,4;;20;;25,4;;30,2;;34;;38,2;;41,6;;45;;48;;50,9;;53,2;;54,5;;56,9;;58,4;;60,1;;60,7;;62,2;;64,5;;66,1;;71,3;;77,1;;76;;78,3;;81,7;;82,9;;85,5;;89,5;;93,4;;95,9;;98,1;;100,6;;103,7;;106,7;;...
4º Trimestre;;4;;4,4;;5,3;;6,5;;8;;10,1;;11,8;;14,5;;16,1;;19,6;;25,3;;29,8;;33,8;;38,1;;41,4;;44,9;;47,8;;50,8;;53;;54,3;;56,8;;58,6;;60,3;;60,9;;62,3;;64,7;;66,1;;70,9;;77,7;;76,3;;78,2;;81,3;;83,1;;85,1;;89,7;;93,4;;96,1;;98;;100,7;;103,6;;106,5;;#¡DIV/0!
COLOMBIA;[D]/f,g;Años;;;;;;;;;;;;;;;;;;;;;;;;;;;;;;;;;;;;;;;;;;;;;;;;;;;;;;;;;;;;;;;;;;;;;;;;;;;;;;;;;;
Meses;;1980;;1981;;1982;;1983;;1984;;1985;;1986;;1987;;1988;;1989;;1990;;1991;;1992;;1993;;1994;;1995;;1996;;1997;;1998;;1999;;2000;;2001;;2002;;2003;;2004;;2005;;2006;;2007;;2008;;2009;;2010;;2011;;2012;;2013;;2014;;2015;;2016;;2017;;2018;;2019;;2020;;2021
Enero;;0,7;;0,9;;1,2;;1,4;;1,7;;2;;2,5;;3;;3,7;;4,7;;6;;7,9;;10;;12,5;;15,4;;18,6;;22,4;;27;;31,8;;37,2;;40,3;;43,7;;46,9;;50,4;;53,5;;56,4;;59;;61,8;;65,5;;70,2;;71,7;;74,1;;76,8;;78,3;;80;;83;;89,2;;94,1;;97,5;;100,6;;104,2;;105,9
Febrero;;0,7;;0,9;;1,2;;1,4;;1,7;;2,1;;2,5;;3;;3,8;;4,9;;6,2;;8,2;;10,4;;12,9;;15,9;;19,2;;23,2;;27,8;;32,8;;37,9;;41,2;;44,6;;47,5;;51;;54,2;;57;;59,4;;62,5;;66,5;;70,8;;72,3;;74,6;;77,2;;78,6;;80,5;;84;;90,3;;95;;98,2;;101,2;;104,9;;106,6
Marzo;;0,8;;1;;1,2;;1,5;;1,7;;2,1;;2,6;;3,1;;3,9;;5;;6,4;;8,4;;10,6;;13,2;;16,3;;19,7;;23,7;;28,2;;33,7;;38,2;;41,9;;45,2;;47,9;;51,5;;54,7;;57,5;;59,8;;63,3;;67;;71,2;;72,5;;74,8;;77,3;;78,8;;80,8;;84,4;;91,2;;95,5;;98,5;;101,6;;105,5;;107,1
1º Trimestre;;0,7;;0,9;;1,2;;1,4;;1,7;;2,1;;2,5;;3;;3,8;;4,9;;6,2;;8,1;;10,3;;12,9;;15,9;;19,2;;23,1;;27,7;;32,8;;37,8;;41,2;;44,5;;47,5;;51;;54,1;;57;;59,4;;62,5;;66,3;;70,7;;72,1;;74,5;;77,1;;78,6;;80,4;;83,8;;90,2;;94,8;;98,1;;101,1;;104,9;;106,5
Abril;;0,8;;1;;1,2;;1,5;;1,8;;2,2;;2,7;;3,2;;4,1;;5,1;;6,5;;8,6;;10,9;;13,4;;16,7;;20,2;;24,2;;28,7;;34,6;;38,5;;42,4;;45,7;;48,3;;52,1;;55;;57,7;;60,1;;63,9;;67,5;;71,4;;72,8;;74,9;;77,4;;79;;81,1;;84,9;;91,6;;95,9;;98,9;;102,1;;105,7;;107,8
Mayo;;0,8;;1;;1,3;;1,6;;1,8;;2,3;;2,6;;3,2;;4,2;;5,2;;6,7;;8,8;;11,2;;13,7;;16,9;;20,5;;24,6;;29,2;;35,2;;38,7;;42,6;;45,9;;48,6;;52,4;;55,2;;58;;60,3;;64;;68,1;;71,4;;72,9;;75,1;;77,7;;79,2;;81,5;;85,1;;92,1;;96,1;;99,2;;102,4;;105,4;;108,8
Junio;;0,8;;1,1;;1,3;;1,6;;1,8;;2,3;;2,6;;3,3;;4,3;;5,3;;6,8;;8,9;;11,4;;13,9;;17,1;;20,8;;24,9;;29,5;;35,6;;38,8;;42,6;;45,9;;48,8;;52,3;;55,5;;58,2;;60,5;;64,1;;68,7;;71,4;;73;;75,3;;77,7;;79,4;;81,6;;85,2;;92,5;;96,2;;99,3;;102,7;;105;;108,8
2º Trimestre;;0,8;;1;;1,3;;1,6;;1,8;;2,3;;2,6;;3,2;;4,2;;5,2;;6,7;;8,8;;11,2;;13,7;;16,9;;20,5;;24,6;;29,1;;35,2;;38,7;;42,5;;45,9;;48,6;;52,3;;55,2;;58;;60,3;;64;;68,1;;71,4;;72,9;;75,1;;77,6;;79,2;;81,4;;85,1;;92,1;;96,1;;99,1;;102,4;;105,3;;108,5
Julio;;0,8;;1,1;;1,3;;1,6;;1,8;;2,3;;2,6;;3,3;;4,3;;5,4;;6,9;;9,1;;11,7;;14;;17,2;;20,9;;25,2;;29,8;;35,8;;38,9;;42,5;;46;;48,8;;52,3;;55,5;;58,2;;60,7;;64,2;;69,1;;71,3;;72,9;;75,4;;77,7;;79,4;;81,7;;85,4;;93;;96,2;;99,2;;102,9;;105;;109,1
Agosto;;0,8;;1,1;;1,3;;1,6;;1,8;;2,3;;2,7;;3,3;;4,3;;5,4;;7;;9,2;;11,7;;14,2;;17,4;;21,1;;25,5;;30,1;;35,8;;39,1;;42,7;;46,1;;48,9;;52,4;;55,5;;58,2;;61;;64,1;;69,2;;71,4;;73;;75,4;;77,7;;79,5;;81,9;;85,8;;92,7;;96,3;;99,3;;103;;105;;109,6
Septiembre;;0,9;;1,1;;1,4;;1,6;;1,9;;2,3;;2,7;;3,4;;4,4;;5,5;;7,2;;9,3;;11,8;;14,4;;17,6;;21,2;;25,8;;30,5;;35,9;;39,3;;42,9;;46,3;;49;;52,5;;55,7;;58,5;;61,1;;64,2;;69,1;;71,3;;72,9;;75,6;;78;;79,7;;82;;86,4;;92,7;;96,4;;99,5;;103,3;;105,3;;110
3º Trimestre;;0,8;;1,1;;1,3;;1,6;;1,8;;2,3;;2,7;;3,3;;4,3;;5,4;;7;;9,2;;11,7;;14,2;;17,4;;21,1;;25,5;;30,1;;35,8;;39,1;;42,7;;46,1;;48,9;;52,4;;55,6;;58,3;;60,9;;64,2;;69,1;;71,3;;72,9;;75,5;;77,8;;79,6;;81,9;;85,9;;92,8;;96,3;;99,3;;103,1;;105,1;;109,6
Octubre;;0,9;;1,1;;1,4;;1,6;;1,9;;2,3;;2,8;;3,4;;4,4;;5,6;;7,3;;9,5;;11,9;;14,5;;17,8;;21,4;;26,1;;30,8;;36;;39,4;;42,9;;46,4;;49,3;;52,6;;55,7;;58,6;;61,1;;64,2;;69,3;;71,2;;72,8;;75,8;;78,1;;79,5;;82,1;;87;;92,6;;96,4;;99,6;;103,4;;105,2;;...
Noviembre;;0,9;;1,1;;1,4;;1,6;;1,9;;2,4;;2,8;;3,5;;4,5;;5,7;;7,5;;9,6;;12;;14,7;;18;;21,6;;26,3;;31;;36,1;;39,6;;43,1;;46,4;;49,7;;52,7;;55,8;;58,7;;61,2;;64,5;;69,5;;71,1;;73;;75,9;;78;;79,4;;82,3;;87,5;;92,7;;96,6;;99,7;;103,5;;105,1;;...
Diciembre;;0,9;;1,1;;1,4;;1,6;;1,9;;2,4;;2,9;;3,6;;4,6;;5,8;;7,7;;9,7;;12,1;;14,9;;18,3;;21,8;;26,5;;31,2;;36,4;;39,8;;43,3;;46,6;;49,8;;53,1;;56;;58,7;;61,3;;64,8;;69,8;;71,2;;73,5;;76,2;;78,1;;79,6;;82,5;;88,1;;93,1;;96,9;;100;;103,8;;105,5;;...
4º Trimestre;;0,9;;1,1;;1,4;;1,6;;1,9;;2,4;;2,8;;3,5;;4,5;;5,7;;7,5;;9,6;;12;;14,7;;18;;21,6;;26,3;;31;;36,2;;39,6;;43,1;;46,5;;49,6;;52,8;;55,8;;58,7;;61,2;;64,5;;69,5;;71,2;;73,1;;75,9;;78;;79,5;;82,3;;87,5;;92,8;;96,6;;99,8;;103,6;;105,3;;#¡DIV/0!
;;;;;;;;;;;;;;;;;;;;;;;;;;;;;;;;;;;;;;;;;;;;;;;;;;;;;;;;;;;;;;;;;;;;;;;;;;;;;;;;;;;;
ECUADOR;[H]/n,o;Años;;;;;;;;;;;;;;;;;;;;;;;;;;;;;;;;;;;;;;;;;;;;;;;;;;;;;;;;;;;;;;;;;;;;;;;;;;;;;;;;;;
Meses;;1980;;1981;;1982;;1983;;1984;;1985;;1986;;1987;;1988;;1989;;1990;;1991;;1992;;1993;;1994;;1995;;1996;;1997;;1998;;1999;;2000;;2001;;2002;;2003;;2004;;2005;;2006;;2007;;2008;;2009;;2010;;2011;;2012;;2013;;2014;;2015;;2016;;2017;;2018;;2019;;2020;;2021
Enero;;0;;0,1;;0,1;;0,1;;0,1;;0,2;;0,2;;0,2;;0,3;;0,6;;0,9;;1,4;;2,1;;3,3;;4,2;;5,4;;6,6;;8,6;;10,9;;15,5;;27,7;;49,5;;57,6;;63,5;;66;;67,1;;69,4;;71,2;;74,2;;80,4;;84;;86,7;;91,3;;95;;97,8;;101,2;;104,4;;105,3;;105,2;;105,8;;105,5;;104,4
Febrero;;0,1;;0,1;;0,1;;0,1;;0,1;;0,2;;0,2;;0,2;;0,3;;0,6;;1;;1,4;;2,1;;3,3;;4,4;;5,4;;6,7;;8,9;;11,4;;16;;30,5;;50,9;;58,3;;63,9;;66,4;;67,3;;69,9;;71,3;;74,9;;80,8;;84,3;;87,2;;92;;95,2;;97,9;;101,9;;104,5;;105,5;;105,4;;105,5;;105,3;;104,4
Marzo;;0,1;;0,1;;0,1;;0,1;;0,1;;0,2;;0,2;;0,3;;0,4;;0,7;;1;;1,5;;2,2;;3,4;;4,5;;5,5;;6,9;;9;;11,7;;18,1;;32,8;;52;;58,9;;64,3;;66,9;;67,5;;70,3;;71,4;;76;;81,7;;84,4;;87,5;;92,8;;95,6;;98,6;;102,3;;104,7;;105,7;;105,4;;105,3;;105,5;;104,6
1º Trimestre;;0,1;;0,1;;0,1;;0,1;;0,1;;0,2;;0,2;;0,2;;0,3;;0,7;;1;;1,4;;2,1;;3,3;;4,4;;5,4;;6,7;;8,8;;11,4;;16,5;;30,3;;50,8;;58,3;;63,9;;66,4;;67,3;;69,9;;71,3;;75,1;;81;;84,3;;87,1;;92;;95,3;;98,1;;101,8;;104,5;;105,5;;105,3;;105,5;;105,4;;104,5
Abril;;0,1;;0,1;;0,1;;0,1;;0,1;;0,2;;0,2;;0,3;;0,4;;0,7;;1,1;;1,5;;2,3;;3,6;;4,7;;5,7;;7,1;;9,2;;12,3;;19,1;;36,1;;52,9;;59,8;;64,9;;67,3;;68;;70,4;;71,4;;77,2;;82,2;;84,9;;88,2;;93;;95,8;;98,9;;103,1;;105;;106,1;;105,3;;105,5;;106,6;;105
Mayo;;0,1;;0,1;;0,1;;0,1;;0,1;;0,2;;0,2;;0,3;;0,4;;0,7;;1,1;;1,6;;2,4;;3,7;;4,7;;5,8;;7,1;;9,3;;12,5;;19,3;;38;;53;;60,1;;65;;67;;68,2;;70,3;;71,4;;78;;82,2;;84,9;;88,5;;92,8;;95,6;;98,8;;103,3;;105;;106,2;;105,1;;105,5;;106,3;;105,1
Junio;;0,1;;0,1;;0,1;;0,1;;0,1;;0,2;;0,2;;0,3;;0,4;;0,8;;1,1;;1,7;;2,5;;3,8;;4,8;;5,9;;7,2;;9,4;;12,8;;19,6;;40;;53,3;;60,3;;64,9;;66,8;;68,2;;70,1;;71,7;;78,6;;82,2;;84,9;;88,5;;92,9;;95,4;;98,9;;103,7;;105,4;;105,6;;104,8;;105,4;;105,6;;104,9
2º Trimestre;;0,1;;0,1;;0,1;;0,1;;0,1;;0,2;;0,2;;0,3;;0,4;;0,7;;1,1;;1,6;;2,4;;3,7;;4,7;;5,8;;7,1;;9,3;;12,5;;19,3;;38;;53,1;;60,1;;65;;67;;68,1;;70,3;;71,5;;77,9;;82,2;;84,9;;88,4;;92,9;;95,6;;98,9;;103,4;;105,1;;105,9;;105,1;;105,5;;106,2;;105
Julio;;0,1;;0,1;;0,1;;0,1;;0,1;;0,2;;0,2;;0,3;;0,4;;0,8;;1,1;;1,7;;2,6;;3,8;;4,8;;5,9;;7,3;;9,6;;12,9;;20,2;;40,9;;53,4;;60,3;;64,9;;66,4;;68,1;;70,1;;72;;79,1;;82,1;;84,9;;88,7;;93,2;;95,4;;99,3;;103,7;;105,3;;105,4;;104,8;;105,5;;105;;105,4
Agosto;;0,1;;0,1;;0,1;;0,1;;0,1;;0,2;;0,2;;0,3;;0,5;;0,8;;1,2;;1,7;;2,6;;3,8;;4,9;;6;;7,5;;9,8;;13,1;;20,3;;41,5;;53,6;;60,5;;65;;66,4;;68;;70,3;;72;;79,2;;81,9;;85;;89,1;;93,4;;95,6;;99,5;;103,7;;105,1;;105,4;;105,1;;105,4;;104,6;;105,6
Septiembre;;0,1;;0,1;;0,1;;0,1;;0,1;;0,2;;0,2;;0,3;;0,5;;0,8;;1,2;;1,8;;2,9;;3,9;;5;;6,1;;7,6;;10;;13,8;;20,7;;43;;54,7;;60,9;;65,5;;66,5;;68,5;;70,7;;72,5;;79,7;;82,4;;85,2;;89,8;;94,5;;96,1;;100,1;;103,9;;105,3;;105,3;;105,5;;105,4;;104,5;;105,6
3º Trimestre;;0,1;;0,1;;0,1;;0,1;;0,1;;0,2;;0,2;;0,3;;0,5;;0,8;;1,2;;1,7;;2,7;;3,9;;4,9;;6;;7,5;;9,8;;13,3;;20,4;;41,8;;53,9;;60,6;;65,1;;66,4;;68,2;;70,4;;72,2;;79,3;;82,1;;85;;89,2;;93,7;;95,7;;99,7;;103,7;;105,2;;105,4;;105,1;;105,5;;104,7;;105,5
Octubre;;0,1;;0,1;;0,1;;0,1;;0,1;;0,2;;0,2;;0,3;;0,5;;0,8;;1,2;;1,9;;3,1;;4,1;;5;;6,2;;7,8;;10,2;;14,7;;21,6;;44,2;;55,4;;61,3;;65,5;;66,7;;68,7;;70,9;;72,6;;79,8;;82,6;;85,4;;90,1;;94,6;;96,5;;100,3;;103,8;;105,2;;105,1;;105,4;;106;;104,3;;...
Noviembre;;0,1;;0,1;;0,1;;0,1;;0,1;;0,2;;0,2;;0,3;;0,5;;0,9;;1,3;;1,9;;3,1;;4,1;;5,1;;6,3;;7,9;;10,3;;15;;22,9;;45,1;;56,2;;61,7;;65,7;;67;;68,9;;71,1;;73;;79,6;;82,8;;85,7;;90,4;;94,7;;96,9;;100,5;;103,9;;105;;104,8;;105,2;;105,2;;104,3;;...
Diciembre;;0,1;;0,1;;0,1;;0,1;;0,1;;0,2;;0,2;;0,3;;0,6;;0,9;;1,3;;2;;3,2;;4,2;;5,2;;6,4;;8;;10,5;;15,1;;24,2;;46,2;;56,6;;61,9;;65,7;;67;;69,1;;71;;73,4;;79,9;;83,3;;86,1;;90,8;;94,5;;97,1;;100,6;;104;;105,2;;105;;105,3;;105,2;;104,2;;...
4º Trimestre;;0,1;;0,1;;0,1;;0,1;;0,1;;0,2;;0,2;;0,3;;0,5;;0,9;;1,3;;1,9;;3,1;;4,1;;5,1;;6,3;;7,9;;10,3;;14,9;;22,9;;45,2;;56,1;;61,6;;65,6;;66,9;;68,9;;71;;73;;79,8;;82,9;;85,7;;90,4;;94,6;;96,8;;100,5;;103,9;;105,2;;105;;105,3;;105,5;;104,3;;#¡DIV/0!
;;;;;;;;;;;;;;;;;;;;;;;;;;;;;;;;;;;;;;;;;;;;;;;;;;;;;;;;;;;;;;;;;;;;;;;;;;;;;;;;;;;;
GUATEMALA;[K]/t,u;Años;;;;;;;;;;;;;;;;;;;;;;;;;;;;;;;;;;;;;;;;;;;;;;;;;;;;;;;;;;;;;;;;;;;;;;;;;;;;;;;;;;
Meses;;1980;;1981;;1982;;1983;;1984;;1985;;1986;;1987;;1988;;1989;;1990;;1991;;1992;;1993;;1994;;1995;;1996;;1997;;1998;;1999;;2000;;2001;;2002;;2003;;2004;;2005;;2006;;2007;;2008;;2009;;2010;;2011;;2012;;2013;;2014;;2015;;2016;;2017;;2018;;2019;;2020;;2021
Enero;;4,5;;5;;5,2;;5,2;;5,4;;5,9;;7,9;;9,4;;10,3;;11,5;;14;;22,5;;24;;27,4;;31,1;;34,1;;37,4;;41,4;;44,4;;47,2;;49,7;;52,7;;57,4;;60,9;;64,7;;70,6;;76,3;;81;;87,8;;94,8;;96,1;;100,8;;106,3;;110,4;;115;;117,6;;122,8;;127,5;;133,5;;139;;141,5;;148,9
Febrero;;4,5;;5;;5,2;;5,2;;5,4;;5,9;;8;;9,5;;10,3;;11,6;;14,3;;22,4;;24,3;;27,5;;31,4;;33,9;;37,6;;42,4;;44,7;;47;;50,1;;53,1;;57,9;;61,4;;65,2;;71,1;;76,3;;81,3;;88,4;;94,2;;96,5;;101,6;;106,8;;111,3;;115,2;;118;;123,1;;127,9;;133,2;;139,2;;140,9;;149,3
Marzo;;4,5;;5,1;;5,2;;5,2;;5,5;;5,9;;8,3;;9,6;;10,4;;11,7;;14,7;;22,5;;24,7;;27,7;;31,6;;34,1;;38;;42,4;;45;;46,8;;50,6;;53,4;;58,3;;61,6;;65,7;;71,4;;76,6;;82;;89,5;;94;;97,7;;102,5;;107,2;;111,8;;115,5;;118,3;;123,3;;128,2;;133,5;;139,1;;141,6;;149,8
1º Trimestre;;4,5;;5,1;;5,2;;5,2;;5,4;;5,9;;8;;9,5;;10,3;;11,6;;14,3;;22,5;;24,3;;27,6;;31,4;;34;;37,7;;42,1;;44,7;;47;;50,2;;53,1;;57,8;;61,3;;65,2;;71;;76,4;;81,5;;88,6;;94,3;;96,8;;101,6;;106,8;;111,2;;115,2;;118;;123;;127,9;;133,4;;139,1;;141,3;;149,4
Abril;;4,5;;5,1;;5,2;;5,2;;5,6;;6;;8,6;;9,6;;10,4;;11,8;;15,2;;22,8;;24,9;;28,1;;32;;34,4;;38,5;;42,4;;45,3;;46,9;;51,1;;53,6;;58,6;;61,9;;66;;71,9;;77,3;;82,2;;90,7;;94;;97,5;;103,2;;107,6;;112;;115,7;;118,7;;123,5;;128,6;;133,6;;140;;142,6;;150
Mayo;;4,6;;5,2;;5,3;;5,3;;5,6;;6,2;;8,6;;9,7;;10,4;;11,9;;16,2;;23;;25,1;;28,3;;32,3;;34,9;;38,7;;42,4;;45,5;;47,2;;50,7;;53,8;;58,8;;62,1;;66,6;;72,2;;77,7;;82;;92;;94,1;;97,4;;103,7;;107,7;;112,3;;115,9;;118,9;;124,1;;129;;134,2;;140,3;;142,9;;150,2
Junio;;4,7;;5,2;;5,3;;5,4;;5,4;;6,4;;9;;9,8;;10,5;;12;;16,7;;23,2;;25,3;;28,9;;32,3;;35,3;;39;;42,5;;45,6;;47,5;;51;;54,2;;59,1;;62,2;;66,8;;72,7;;78,2;;82,4;;93,5;;94,1;;97,9;;104,2;;107,9;;113;;116,6;;119,3;;124,6;;130,1;;135;;141,5;;144,9;;150,5
2º Trimestre;;4,6;;5,2;;5,2;;5,3;;5,5;;6,2;;8,7;;9,7;;10,4;;11,9;;16;;23;;25,1;;28,4;;32,2;;34,8;;38,7;;42,4;;45,5;;47,2;;50,9;;53,9;;58,8;;62,1;;66,5;;72,3;;77,7;;82,2;;92,1;;94,1;;97,6;;103,7;;107,7;;112,5;;116,1;;119;;124,1;;129,2;;134,3;;140,6;;143,4;;150,3
Julio;;4,7;;5,2;;5,2;;5,5;;5,6;;6,6;;9,1;;9,8;;10,9;;12;;17,3;;23,3;;25,7;;29,6;;32,5;;35,4;;39,5;;42,6;;45,7;;48,1;;51,1;;54,6;;59,6;;62,4;;67,2;;73,4;;78,6;;83;;94,7;;94,4;;98,3;;105,2;;108,2;;113,4;;117,2;;120;;125,5;;132;;135,5;;141,4;;145,5;;151
Agosto;;4,7;;5,3;;5,2;;5,6;;5,4;;7,1;;9,2;;9,8;;11;;12,1;;17,5;;23,6;;25,9;;29,7;;32,9;;35,6;;39,9;;43,1;;45,8;;48,6;;50,9;;55,3;;59,6;;62,6;;67,4;;73,7;;78,8;;83,7;;95,2;;94,5;;98,3;;105,9;;108,7;;113,5;;117,7;;120;;125,7;;131,7;;136,1;;140,2;;146,1;;151,3
Septiembre;;4,8;;5,3;;5,1;;5,5;;5,4;;7;;9,2;;9,8;;11,1;;12,3;;18,6;;23,5;;26,1;;29,6;;33,1;;35,8;;40;;43,3;;45,7;;48,8;;50,9;;55,5;;59,5;;62,8;;67,9;;74,3;;78,5;;84,3;;95;;95,1;;98,6;;105,8;;109,3;;113,9;;117,8;;120;;125,5;;130,9;;136,9;;139,4;;146,3;;151,7
3º Trimestre;;4,7;;5,3;;5,2;;5,6;;5,5;;6,9;;9,1;;9,8;;11;;12,1;;17,8;;23,5;;25,9;;29,6;;32,8;;35,6;;39,8;;43;;45,8;;48,5;;51;;55,2;;59,6;;62,6;;67,5;;73,8;;78,6;;83,7;;95;;94,7;;98,4;;105,6;;108,7;;113,6;;117,6;;120;;125,6;;131,5;;136,2;;140,3;;145,9;;151,3
Octubre;;4,8;;5,2;;5,2;;5,5;;5,7;;7,4;;9,3;;9,9;;11,2;;12,5;;19,3;;23,5;;26,2;;29,7;;33,4;;36,3;;40,2;;43,5;;45,7;;49,2;;51,1;;55,9;;59,6;;63,1;;68,5;;75,6;;78,5;;84,6;;95,5;;94,9;;99,2;;105,7;;109,3;;113,8;;118;;120,6;;126,3;;131,6;;137,4;;140,3;;147,8;;...
Noviembre;;4,8;;5,3;;5,2;;5,5;;5,9;;7,5;;9,3;;10;;11,2;;12,8;;20,1;;23,6;;26,7;;30,1;;33,9;;36,8;;40,6;;43,7;;46,9;;49,4;;51,4;;56,3;;59,9;;63,4;;69,2;;75,6;;79;;86,2;;95,5;;94,9;;99,9;;106;;109,3;;114,3;;118,2;;121,2;;126,8;;132,8;;137;;141;;148,7;;...
Diciembre;;4,9;;5,3;;5,2;;5,5;;5,9;;7,6;;9,2;;10,1;;11,3;;13,6;;21,7;;23,9;;27,3;;30,5;;34;;37;;41;;43,9;;47,2;;49,5;;52;;56,6;;60,2;;63,8;;69,6;;75,6;;80;;87;;95,1;;94,9;;100;;106,2;;109,9;;114,7;;118,1;;121,7;;126,8;;134;;137,1;;141,8;;148,6;;...
4º Trimestre;;4,8;;5,3;;5,2;;5,5;;5,8;;7,5;;9,3;;10;;11,3;;13;;20,4;;23,7;;26,7;;30,1;;33,8;;36,7;;40,6;;43,7;;46,6;;49,4;;51,5;;56,3;;59,9;;63,4;;69,1;;75,6;;79,1;;85,9;;95,4;;94,9;;99,7;;106;;109,5;;114,3;;118,1;;121,1;;126,7;;132,8;;137,1;;141;;148,4;;#¡DIV/0!
;;;;;;;;;;;;;;;;;;;;;;;;;;;;;;;;;;;;;;;;;;;;;;;;;;;;;;;;;;;;;;;;;;;;;;;;;;;;;;;;;;;;
MÉXICO;[E]/h,i;Años;;;;;;;;;;;;;;;;;;;;;;;;;;;;;;;;;;;;;;;;;;;;;;;;;;;;;;;;;;;;;;;;;;;;;;;;;;;;;;;;;;
Meses;;1980;;1981;;1982;;1983;;1984;;1985;;1986;;1987;;1988;;1989;;1990;;1991;;1992;;1993;;1994;;1995;;1996;;1997;;1998;;1999;;2000;;2001;;2002;;2003;;2004;;2005;;2006;;2007;;2008;;2009;;2010;;2011;;2012;;2013;;2014;;2015;;2016;;2017;;2018;;2019;;2020;;2021
Enero;;0,1;;0,1;;0,1;;0,2;;0,4;;0,7;;1,1;;2,3;;6,3;;8,5;;10,4;;13,2;;15,5;;17,3;;18,6;;20,5;;31,1;;39,3;;45,3;;53,9;;59,8;;64,7;;67,8;;71,2;;74,2;;77,6;;80,7;;83,9;;87;;92,5;;96,6;;100,2;;104,3;;107,7;;112,5;;116;;119;;124,6;;98,8;;103,1;;106,4;;110,2
Febrero;;0,1;;0,1;;0,1;;0,3;;0,4;;0,7;;1,2;;2,4;;6,8;;8,6;;10,6;;13,4;;15,7;;17,4;;18,7;;21,3;;31,8;;39,9;;46,1;;54,6;;60,3;;64,6;;67,7;;71,4;;74,7;;77,9;;80,8;;84,1;;87,2;;92,7;;97,1;;100,6;;104,5;;108,2;;112,8;;116,2;;119,5;;125,3;;99,2;;103,1;;106,9;;110,9
Marzo;;0,1;;0,1;;0,1;;0,3;;0,5;;0,7;;1,2;;2,6;;7,2;;8,7;;10,8;;13,6;;15,9;;17,5;;18,8;;22,6;;32,5;;40,4;;46,6;;55,1;;60,7;;65;;68,1;;71,9;;74,9;;78,2;;80,9;;84,3;;87,9;;93,2;;97,8;;100,8;;104,6;;109;;113,1;;116,6;;119,7;;126,1;;99,5;;103,5;;106,8;;111,8
1º Trimestre;;0,1;;0,1;;0,1;;0,3;;0,4;;0,7;;1,2;;2,4;;6,7;;8,6;;10,6;;13,4;;15,7;;17,4;;18,7;;21,5;;31,8;;39,9;;46;;54,5;;60,3;;64,8;;67,8;;71,5;;74,6;;77,9;;80,8;;84,1;;87,4;;92,8;;97,2;;100,5;;104,4;;108,3;;112,8;;116,3;;119,4;;125,3;;99,2;;103,2;;106,7;;111
Abril;;0,1;;0,1;;0,1;;0,3;;0,5;;0,7;;1,3;;2,8;;7,4;;8,8;;10,9;;13,7;;16;;17,6;;18,9;;24,4;;33,4;;40,9;;47;;55,6;;61;;65,4;;68,4;;72;;75,1;;78,5;;81;;84,2;;88,1;;93,5;;97,5;;100,8;;104,2;;109,1;;112,9;;116,3;;119,3;;126,2;;99,2;;103,5;;105,8;;112,2
Mayo;;0,1;;0,1;;0,1;;0,3;;0,5;;0,8;;1,3;;3;;7,5;;8,9;;11,1;;13,9;;16,1;;17,7;;18,9;;25,4;;34;;41,2;;47,4;;55,9;;61,2;;65,5;;68,6;;71,8;;74,9;;78,3;;80,7;;83,8;;88;;93,2;;96,9;;100;;103,9;;108,7;;112,5;;115,8;;118,8;;126,1;;99;;103,2;;106,2;;112,4
Junio;;0,1;;0,1;;0,1;;0,3;;0,5;;0,8;;1,4;;3,3;;7,7;;9;;11,4;;14;;16,2;;17,8;;19;;26,2;;34,6;;41,6;;48;;56,3;;61,6;;65,7;;68,9;;71,8;;75;;78,2;;80,7;;83,9;;88,3;;93,4;;96,9;;100;;104,4;;108,6;;112,7;;116;;118,9;;126,4;;99,4;;103,3;;106,7;;113
2º Trimestre;;0,1;;0,1;;0,1;;0,3;;0,5;;0,8;;1,4;;3;;7,5;;8,9;;11,1;;13,9;;16,1;;17,7;;18,9;;25,3;;34;;41,2;;47,5;;56;;61,3;;65,5;;68,6;;71,9;;75;;78,3;;80,8;;84;;88,1;;93,4;;97,1;;100,3;;104,2;;108,8;;112,7;;116;;119;;126,2;;99,2;;103,4;;106,2;;112,5
Julio;;0,1;;0,1;;0,2;;0,3;;0,5;;0,8;;1,5;;3,5;;7,8;;9,1;;11,6;;14,1;;16,3;;17,9;;19,1;;26,8;;35,1;;42;;48,4;;56,7;;61,8;;65,5;;69,1;;72;;75,2;;78,5;;80,9;;84,3;;88,8;;93,7;;97,1;;100,5;;105;;108,6;;113;;116,1;;119,2;;126,9;;99,9;;103,7;;107,4;;113,7
Agosto;;0,1;;0,1;;0,2;;0,3;;0,5;;0,8;;1,6;;3,8;;7,9;;9,2;;11,8;;14,2;;16,4;;18;;19,2;;27,2;;35,5;;42,3;;48,9;;57;;62,2;;65,9;;69,4;;72,2;;75,6;;78,6;;81,4;;84,6;;89,4;;93,9;;97,3;;100,7;;105,3;;108,9;;113,4;;116,4;;119,5;;127,5;;100,5;;103,7;;107,9;;...
Septiembre;;0,1;;0,1;;0,2;;0,3;;0,6;;0,9;;1,7;;4,1;;7,9;;9,3;;11,9;;14,4;;16,6;;18,1;;19,3;;27,8;;36,1;;42,9;;49,7;;57,6;;62,6;;66,5;;69,8;;72,6;;76,3;;78,9;;82,2;;85,3;;90;;94,4;;97,9;;100,9;;105,7;;109,3;;113,9;;116,8;;120,3;;127,9;;100,9;;103,9;;108,1;;...
3º Trimestre;;0,1;;0,1;;0,2;;0,3;;0,5;;0,8;;1,6;;3,8;;7,9;;9,2;;11,8;;14,2;;16,4;;18;;19,2;;27,2;;35,6;;42,4;;49;;57,1;;62,2;;66;;69,4;;72,2;;75,7;;78,7;;81,5;;84,7;;89,4;;94;;97,4;;100,7;;105,3;;109;;113,5;;116,4;;119,7;;127,4;;100,4;;103,8;;107,8;;113,7
Octubre;;0,1;;0,1;;0,2;;0,4;;0,6;;0,9;;1,8;;4,4;;8;;9,4;;12,1;;14,5;;16,7;;18,2;;19,5;;28,3;;36,5;;43,2;;50,4;;57,9;;63,1;;66,8;;70,1;;72,9;;76,8;;79,1;;82,5;;85,6;;90,6;;94,7;;98,5;;101,6;;106,3;;109,8;;114,6;;117,4;;121;;128,7;;101,4;;104,5;;108,8;;...
Noviembre;;0,1;;0,1;;0,2;;0,4;;0,6;;1;;1,9;;4,7;;8,1;;9,6;;12,4;;14,9;;16,8;;18,3;;19,6;;29;;37,1;;43,7;;51,3;;58,4;;63,6;;67;;70,7;;73,5;;77,5;;79,7;;83;;86,2;;91,6;;95,1;;99,3;;102,7;;107;;110,9;;115,5;;118,1;;122;;130;;102,3;;105,3;;108,9;;...
Diciembre;;0,1;;0,1;;0,2;;0,4;;0,6;;1;;2,1;;5,4;;8,2;;9,9;;12,8;;15,2;;17,1;;18,4;;19,7;;30;;38,3;;44,3;;52,5;;59;;64,3;;67,1;;71;;73,8;;77,6;;80,2;;83,5;;86,6;;92,2;;95,5;;99,7;;103,6;;107,2;;111,5;;116,1;;119;;122,5;;130,8;;103;;105,9;;109,3;;...
4º Trimestre;;0,1;;0,1;;0,2;;0,4;;0,6;;1;;2;;4,9;;8,1;;9,6;;12,5;;14,9;;16,9;;18,3;;19,6;;29,1;;37,3;;43,7;;51,4;;58,5;;63,7;;67;;70,6;;73,4;;77,3;;79,7;;83;;86,1;;91,5;;95,1;;99,2;;102,6;;106,8;;110,7;;115,4;;118,1;;121,8;;129,9;;102,3;;105,3;;109;;#¡DIV/0!
;;;;;;;;;;;;;;;;;;;;;;;;;;;;;;;;;;;;;;;;;;;;;;;;;;;;;;;;;;;;;;;;;;;;;;;;;;;;;;;;;;;;
PARAGUAY;[I]/p,q;Años;;;;;;;;;;;;;;;;;;;;;;;;;;;;;;;;;;;;;;;;;;;;;;;;;;;;;;;;;;;;;;;;;;;;;;;;;;;;;;;;;;
Meses;;1980;;1981;;1982;;1983;;1984;;1985;;1986;;1987;;1988;;1989;;1990;;1991;;1992;;1993;;1994;;1995;;1996;;1997;;1998;;1999;;2000;;2001;;2002;;2003;;2004;;2005;;2006;;2007;;2008;;2009;;2010;;2011;;2012;;2013;;2014;;2015;;2016;;2017;;2018;;2019;;2020;;2021
Enero;;1,3;;1,5;;1,6;;1,8;;2;;2,6;;3,4;;4,2;;5,3;;6,1;;8,1;;11,5;;13;;15,3;;18,4;;21,5;;23,7;;25,5;;27,2;;30,9;;32,9;;35,8;;38,5;;45,5;;48;;49,6;;54,8;;60,2;;65,5;;69,4;;71,3;;76,9;;80,3;;83,6;;86,8;;89,8;;94,5;;96,3;;100,8;;103,2;;106,1;;108,9
Febrero;;1,3;;1,5;;1,6;;1,8;;2;;2,6;;3,6;;4,3;;5,5;;6,3;;8,4;;11,7;;13,3;;15,7;;19;;21,7;;24,2;;26;;27,8;;31;;33,3;;36;;38,6;;46,4;;48,1;;49,9;;55,5;;60;;66,3;;69,2;;71,2;;78;;81,5;;82,9;;87,4;;90,3;;94,9;;97,1;;101,1;;103,8;;106,3;;109
Marzo;;1,3;;1,5;;1,6;;1,8;;2,1;;2,6;;3,7;;4,2;;5,2;;6,4;;8,7;;11,9;;13,4;;15,8;;19,3;;22,1;;24,5;;26,6;;28,4;;31;;34;;36,7;;39,1;;46,9;;48,3;;50,4;;56,3;;59,5;;66,8;;69,1;;71,9;;79,3;;81,9;;82,9;;87,9;;90,2;;94,5;;97,1;;101,1;;103,9;;106,5;;109,1
1º Trimestre;;1,3;;1,5;;1,6;;1,8;;2,1;;2,6;;3,5;;4,2;;5,3;;6,3;;8,4;;11,7;;13,2;;15,6;;18,9;;21,8;;24,1;;26;;27,8;;31;;33,4;;36,2;;38,7;;46,3;;48,2;;50;;55,5;;59,9;;66,2;;69,2;;71,5;;78,1;;81,2;;83,1;;87,4;;90,1;;94,6;;96,8;;101;;103,6;;106,3;;109
Abril;;1,3;;1,6;;1,6;;1,8;;2,1;;2,6;;3,7;;4,3;;5,3;;6,5;;9;;11,9;;13,4;;16;;19,5;;22,3;;24,7;;26,7;;28,9;;31,2;;34,3;;37;;39,3;;47,5;;48,2;;51,1;;56,5;;60;;67,3;;68,7;;72,5;;79;;81,7;;83;;88,3;;90,1;;94,1;;97,6;;101,1;;104,2;;106,3;;109
Mayo;;1,4;;1,5;;1,6;;1,8;;2,1;;2,7;;3,7;;4,4;;5,4;;6,6;;9,3;;12;;13,6;;16,3;;19,6;;22,4;;24,8;;26,6;;29,7;;31;;34,4;;36,7;;39,2;;46,9;;48,4;;51,8;;56,3;;60,3;;67,2;;68,7;;71,8;;79;;82;;82,7;;88,5;;91,4;;94,6;;97,8;;101,2;;105;;105,7;;109,6
Junio;;1,4;;1,6;;1,6;;1,9;;2,2;;2,7;;3,8;;4,5;;5,4;;6,9;;9,6;;12;;13,8;;16,3;;19,7;;22,7;;24,9;;26,8;;29,7;;31;;34,2;;36,5;;39,9;;46,2;;48,8;;51,8;;56,1;;59,9;;68;;69,2;;72,2;;78,6;;81,7;;83,1;;88,4;;90,6;;94,8;;97,6;;101,9;;104,8;;105,3;;110
2º Trimestre;;1,3;;1,6;;1,6;;1,8;;2,1;;2,7;;3,7;;4,4;;5,4;;6,7;;9,3;;12;;13,6;;16,2;;19,6;;22,5;;24,8;;26,7;;29,5;;31,1;;34,3;;36,8;;39,5;;46,9;;48,5;;51,6;;56,3;;60,1;;67,5;;68,9;;72,1;;78,9;;81,8;;82,9;;88,4;;90,7;;94,5;;97,7;;101,4;;104,7;;105,8;;109,5
Julio;;1,4;;1,6;;1,7;;1,9;;2,2;;2,7;;3,7;;4,4;;5,6;;7,2;;9,8;;12,1;;14,1;;16,5;;20;;22,9;;25;;26,7;;29,8;;31,8;;34,3;;36,7;;41;;45,9;;48,9;;52;;56;;60,2;;68,3;;69,1;;72,3;;78,6;;81,8;;83,6;;88,1;;91,3;;93,9;;97,7;;101,6;;104,7;;105,8;;111,3
Agosto;;1,4;;1,6;;1,7;;1,9;;2,3;;3;;3,8;;4,5;;5,7;;7,5;;10,2;;12,3;;14,3;;16,7;;20,3;;22,9;;25,1;;26,6;;30,3;;32;;34,5;;37;;42;;45,8;;49,6;;51,9;;56,1;;62,2;;68,7;;69,8;;72,9;;79,4;;81,6;;84,1;;87,8;;91,2;;94,1;;97,9;;101,8;;104,6;;106,3;;112,3
Septiembre;;1,4;;1,6;;1,7;;2;;2,4;;3,1;;3,9;;4,7;;5,9;;7,8;;10,5;;12,4;;14,5;;16,9;;20,4;;22,9;;25,1;;26,6;;30,6;;32;;35;;37,3;;42,4;;45,9;;48,9;;52,6;;57;;62,8;;68,5;;70;;72,7;;79,5;;81,7;;84,3;;87,8;;91,1;;94,3;;98,3;;102,2;;104,9;;106,6;;113,4
3º Trimestre;;1,4;;1,6;;1,7;;1,9;;2,3;;2,9;;3,8;;4,6;;5,7;;7,5;;10,2;;12,2;;14,3;;16,7;;20,2;;22,9;;25,1;;26,6;;30,2;;32;;34,6;;37;;41,8;;45,9;;49,1;;52,2;;56,4;;61,7;;68,5;;69,6;;72,6;;79,2;;81,7;;84;;87,9;;91,2;;94,1;;98;;101,9;;104,7;;106,2;;112,3
Octubre;;1,4;;1,6;;1,7;;2;;2,5;;3,2;;3,9;;4,9;;6;;7,7;;11,1;;12,5;;14,6;;17,3;;20,6;;23,1;;25,1;;26,6;;30,9;;32,2;;35,3;;37,5;;42,6;;46,8;;48,5;;53,5;;58,1;;65,1;;68,7;;70,6;;74,3;;78,9;;81,5;;85;;88;;90,8;;94,1;;98,8;;102,8;;105,3;;107,1;;...
Noviembre;;1,5;;1,6;;1,7;;2;;2,6;;3,2;;3,9;;5,2;;6;;7,8;;11,2;;12,6;;14,8;;17,7;;21;;23,2;;25,2;;26,6;;30,9;;32,3;;35,4;;37,7;;43,2;;47,5;;48,4;;54,4;;59,2;;63,7;;68,9;;70,3;;74,6;;78,8;;82;;85,6;;88,7;;91,2;;95,1;;99,5;;103,5;;105,5;;107,8;;...
Diciembre;;1,5;;1,6;;1,7;;2;;2,6;;3,2;;3,9;;5,2;;6,1;;7,8;;11,3;;12,6;;14,9;;17,9;;21,1;;23,4;;25,3;;26,9;;30,8;;32,5;;35,3;;38,2;;43,8;;47,9;;49,2;;54,1;;60,8;;64,5;;69,3;;70,6;;75,7;;79,4;;82,6;;85,7;;89,3;;92,1;;95,7;;100;;103,2;;106,1;;108,4;;...
4º Trimestre;;1,5;;1,6;;1,7;;2;;2,5;;3,2;;3,9;;5,1;;6,1;;7,8;;11,2;;12,6;;14,7;;17,6;;20,9;;23,2;;25,2;;26,7;;30,8;;32,3;;35,3;;37,8;;43,2;;47,4;;48,7;;54;;59,4;;64,4;;69;;70,5;;74,9;;79;;82;;85,5;;88,7;;91,4;;95;;99,4;;103,2;;105,6;;107,8;;#¡DIV/0!
;;;;;;;;;;;;;;;;;;;;;;;;;;;;;;;;;;;;;;;;;;;;;;;;;;;;;;;;;;;;;;;;;;;;;;;;;;;;;;;;;;;;
PERÚ;[J]/r,s;Años;;;;;;;;;;;;;;;;;;;;;;;;;;;;;;;;;;;;;;;;;;;;;;;;;;;;;;;;;;;;;;;;;;;;;;;;;;;;;;;;;;
Meses;;1980;;1981;;1982;;1983;;1984;;1985;;1986;;1987;;1988;;1989;;1990;;1991;;1992;;1993;;1994;;1995;;1996;;1997;;1998;;1999;;2000;;2001;;2002;;2003;;2004;;2005;;2006;;2007;;2008;;2009;;2010;;2011;;2012;;2013;;2014;;2015;;2016;;2017;;2018;;2019;;2020;;2021
Enero;;0;;0;;0;;0;;0;;0;;0;;0;;0;;0;;0,2;;10,6;;22,4;;35,5;;48,1;;54,7;;60,9;;67,5;;72,2;;75,9;;78,7;;81,8;;81,1;;83;;85,3;;87,9;;89,5;;90,1;;93,8;;100;;100,4;;102,6;;106,9;;110;;113,4;;116,8;;122,2;;126;;127,6;;130,3;;132,8;;136,3
Febrero;;0;;0;;0;;0;;0;;0;;0;;0;;0;;0;;0,2;;11,7;;23,4;;36,6;;49;;55,4;;61,8;;67,6;;73,1;;76,1;;79,1;;82;;81,1;;83,3;;86,2;;87,7;;90;;90,3;;94,7;;99,9;;100,7;;103;;107,3;;109,9;;114;;117,2;;122,4;;126,4;;127,9;;130,5;;133;;136,2
Marzo;;0;;0;;0;;0;;0;;0;;0;;0;;0;;0;;0,3;;12,5;;25,2;;38,1;;50,1;;56,1;;62,6;;68,5;;74,1;;76,6;;79,6;;82,4;;81,5;;84,3;;86,6;;88,2;;90,4;;90,6;;95,7;;100,3;;101;;103,7;;108,1;;110,9;;114,6;;118,1;;123,2;;128,1;;128,5;;131,4;;133,8;;137,3
1º Trimestre;;0;;0;;0;;0;;0;;0;;0;;0;;0;;0;;0,2;;11,6;;23,7;;36,7;;49,1;;55,4;;61,8;;67,9;;73,1;;76,2;;79,1;;82,1;;81,2;;83,5;;86;;87,9;;90;;90,4;;94,7;;100;;100,7;;103,1;;107,4;;110,3;;114;;117,4;;122,6;;126,8;;128;;130,7;;133,2;;136,6
Abril;;0;;0;;0;;0;;0;;0;;0;;0;;0;;0;;0,4;;13,3;;26;;39,8;;50,9;;56,7;;63,2;;68,7;;74,5;;77;;80;;82,1;;82,1;;84,2;;86,6;;88,3;;90,9;;90,8;;95,8;;100,3;;101;;104,4;;108,7;;111,2;;115,1;;118,6;;123,2;;127,7;;128,4;;131,7;;134;;137,2
Mayo;;0;;0;;0;;0;;0;;0;;0;;0;;0;;0;;0,5;;14,3;;26,9;;41;;51,3;;57,1;;63,6;;69,3;;75;;77,4;;80;;82,1;;82,2;;84,2;;86,9;;88,4;;90,4;;91,3;;96,2;;100,2;;101,3;;104,4;;108,7;;111,4;;115,3;;119,2;;123,5;;127,2;;128,4;;131,9;;134,2;;137,5
Junio;;0;;0;;0;;0;;0;;0;;0;;0;;0;;0;;0,7;;15,6;;27,8;;41,8;;51,9;;57,6;;63,9;;70;;75,4;;77,5;;80;;82;;82;;83,8;;87,4;;88,7;;90,3;;91,7;;96,9;;99,9;;101,5;;104,5;;108,7;;111,7;;115,5;;119,6;;123,6;;127;;128,8;;131,8;;133,9;;138,2
2º Trimestre;;0;;0;;0;;0;;0;;0;;0;;0;;0;;0;;0,5;;14,4;;26,9;;40,9;;51,4;;57,1;;63,6;;69,3;;75;;77,3;;80;;82,1;;82,1;;84,1;;86,9;;88,5;;90,5;;91,3;;96,3;;100,1;;101,3;;104,4;;108,7;;111,4;;115,3;;119,1;;123,4;;127,3;;128,5;;131,8;;134;;137,6
Julio;;0;;0;;0;;0;;0;;0;;0;;0;;0;;0;;1,1;;17;;28,8;;42,9;;52,3;;57,9;;64,8;;70,6;;75,8;;77,7;;80,4;;82,2;;82,1;;83,7;;87,5;;88,8;;90,1;;92,1;;97,5;;100,1;;101,9;;105,3;;108,8;;112,3;;116;;120,2;;123,7;;127,3;;129,3;;132;;134,5;;139,6
Agosto;;0;;0;;0;;0;;0;;0;;0;;0;;0;;0;;5,5;;18,3;;29,6;;44;;53,1;;58,5;;65,4;;70,7;;76;;77,9;;80,8;;81,9;;82,1;;83,7;;87,5;;88,6;;90,3;;92,3;;98;;99,9;;102,2;;105,6;;109,3;;112,9;;115,9;;120,7;;124,2;;128,1;;129,5;;132,1;;134,4;;141
Septiembre;;0;;0;;0;;0;;0;;0;;0;;0;;0;;0,1;;6,3;;19,3;;30,4;;44,7;;53,4;;58,8;;65,6;;71;;75,6;;78,2;;81,3;;82;;82,5;;84,2;;87,5;;88,5;;90,3;;92,8;;98,6;;99,8;;102,1;;105,9;;109,9;;113;;116,1;;120,7;;124,4;;128,1;;129,7;;132,1;;134,5;;141,6
3º Trimestre;;0;;0;;0;;0;;0;;0;;0;;0;;0;;0;;4,3;;18,2;;29,6;;43,9;;53;;58,4;;65,3;;70,8;;75,8;;77,9;;80,8;;82;;82,2;;83,8;;87,5;;88,6;;90,2;;92,4;;98;;99,9;;102,1;;105,6;;109,3;;112,7;;116;;120,5;;124,1;;127,8;;129,5;;132,1;;134,5;;140,7
Octubre;;0;;0;;0;;0;;0;;0;;0;;0;;0;;0,1;;6,9;;20;;31,5;;45,4;;53,6;;59,1;;66,1;;71,1;;75,4;;78,1;;81,5;;82;;83,1;;84,2;;87,5;;88,6;;90,3;;93,1;;99,2;;99,9;;102;;106,3;;109,7;;113,1;;116,6;;120,9;;124,9;;127,5;;129,8;;132,3;;134,6;;...
Noviembre;;0;;0;;0;;0;;0;;0;;0;;0;;0;;0,1;;7,3;;20,8;;32,6;;46,1;;54,2;;59,8;;66,4;;71,1;;75,4;;78,4;;81,5;;81,6;;82,8;;84,3;;87,8;;88,7;;90,1;;93,2;;99,5;;99,8;;102;;106,7;;109,6;;112,8;;116,4;;121,2;;125,3;;127,2;;130;;132,4;;135,3;;...
Diciembre;;0;;0;;0;;0;;0;;0;;0;;0;;0;;0,1;;9;;21,6;;33,9;;47,3;;54,5;;60,1;;67,2;;71,6;;75,9;;78,7;;81,6;;81,5;;82,8;;84,8;;87,8;;89,1;;90,1;;93,6;;99,9;;100,1;;102,2;;107;;109,9;;113;;116,7;;121,8;;125,7;;127,4;;130,2;;132,7;;135,3;;...
4º Trimestre;;0;;0;;0;;0;;0;;0;;0;;0;;0;;0,1;;7,7;;20,8;;32,7;;46,2;;54,1;;59,7;;66,6;;71,2;;75,5;;78,4;;81,5;;81,7;;82,9;;84,5;;87,7;;88,8;;90,2;;93,3;;99,5;;99,9;;102,1;;106,7;;109,7;;113;;116,5;;121,3;;125,3;;127,4;;130;;132,5;;135;;#¡DIV/0!
;;;;;;;;;;;;;;;;;;;;;;;;;;;;;;;;;;;;;;;;;;;;;;;;;;;;;;;;;;;;;;;;;;;;;;;;;;;;;;;;;;;;
URUGUAY;[F]/j,k;Años;;;;;;;;;;;;;;;;;;;;;;;;;;;;;;;;;;;;;;;;;;;;;;;;;;;;;;;;;;;;;;;;;;;;;;;;;;;;;;;;;;
Meses;;1980;;1981;;1982;;1983;;1984;;1985;;1986;;1987;;1988;;1989;;1990;;1991;;1992;;1993;;1994;;1995;;1996;;1997;;1998;;1999;;2000;;2001;;2002;;2003;;2004;;2005;;2006;;2007;;2008;;2009;;2010;;2011;;2012;;2013;;2014;;2015;;2016;;2017;;2018;;2019;;2020;;2021
Enero;;0;;0;;0;;0;;0,1;;0,1;;0,2;;0,3;;0,4;;0,7;;1,4;;3,2;;5,6;;8,8;;13,4;;19,3;;25,9;;32,2;;36,8;;39,7;;41,3;;43,3;;45,1;;57,4;;63,4;;67;;71;;75,9;;81,5;;89;;94,4;;101,3;;109,4;;118,9;;129,8;;140,2;;153,7;;166,5;;177,6;;190,7;;207,3;;225,7
Febrero;;0;;0;;0;;0;;0,1;;0,1;;0,2;;0,3;;0,4;;0,8;;1,4;;3,3;;5,8;;9,2;;13,6;;19,7;;26,3;;32,7;;37,1;;39,8;;41,4;;43,5;;45,4;;58,2;;63,4;;67;;71,5;;76,3;;82,2;;88,8;;94,9;;102,2;;110,3;;120,1;;131,9;;141,7;;156,2;;167,3;;179,1;;192,5;;208,5;;227,6
Marzo;;0;;0;;0;;0;;0,1;;0,1;;0,2;;0,3;;0,5;;0,8;;1,6;;3,4;;6,1;;9,5;;14;;20,4;;26,8;;33,1;;37,2;;39,9;;41,7;;43,6;;45,8;;58,9;;63,8;;67,3;;71,7;;77;;83,2;;89,4;;95,8;;103,7;;111,4;;120,9;;132,7;;142,7;;157,8;;168,4;;179,6;;193,6;;211,3;;229
1º Trimestre;;0;;0;;0;;0;;0,1;;0,1;;0,2;;0,3;;0,4;;0,8;;1,5;;3,3;;5,8;;9,2;;13,7;;19,8;;26,3;;32,7;;37;;39,8;;41,4;;43,5;;45,5;;58,2;;63,6;;67,1;;71,4;;76,4;;82,3;;89,1;;95;;102,4;;110,4;;120;;131,5;;141,5;;155,9;;167,4;;178,8;;192,3;;209;;227,4
Abril;;0;;0;;0;;0;;0,1;;0,1;;0,2;;0,3;;0,5;;0,8;;1,7;;3,6;;6,4;;9,9;;14,5;;21,1;;27,5;;33,6;;37,4;;40,2;;41,8;;44;;46,6;;59,5;;64,6;;68;;72,1;;77,9;;83,5;;89,4;;96;;104;;112,3;;121,5;;132,6;;143,5;;158,5;;168,8;;179,7;;194,4;;215,5;;230,1
Mayo;;0;;0;;0;;0;;0,1;;0,1;;0,2;;0,3;;0,5;;0,9;;1,8;;3,9;;6,7;;10,3;;14,9;;21,6;;28,1;;34;;37,6;;40,3;;42;;44,2;;47,1;;59,7;;65,3;;68;;72,6;;78,5;;84,2;;89,8;;96,1;;104,3;;112,8;;121,8;;133;;144,2;;160,1;;169;;181,2;;195,2;;216,8;;231,2
Junio;;0;;0;;0;;0;;0,1;;0,1;;0,2;;0,3;;0,5;;0,9;;2;;4;;6,9;;10,8;;15,3;;22,2;;28,5;;34,5;;38;;40,3;;42,2;;44,1;;48;;59,8;;65,5;;68,2;;72,8;;78,6;;85,3;;90,8;;96,4;;104,7;;113,1;;122,4;;133,5;;144,9;;160,7;;169,3;;183;;196,4;;216,8;;232,7
2º Trimestre;;0;;0;;0;;0;;0,1;;0,1;;0,2;;0,3;;0,5;;0,9;;1,8;;3,8;;6,7;;10,3;;14,9;;21,6;;28;;34;;37,7;;40,3;;42;;44,1;;47,2;;59,6;;65,1;;68,1;;72,5;;78,4;;84,3;;90;;96,2;;104,4;;112,7;;121,9;;133;;144,2;;159,8;;169;;181,3;;195,4;;216,4;;231,3
Julio;;0;;0;;0;;0;;0,1;;0,1;;0,2;;0,4;;0,6;;1;;2,1;;4,2;;7,2;;11,1;;15,8;;22,8;;29;;34,9;;38,5;;40,5;;42,4;;44,4;;50,3;;60,1;;66,2;;69,1;;73,4;;79,3;;85,6;;91,7;;97,5;;105,5;;113,3;;123,3;;134,5;;146,6;;161,3;;169,8;;184,1;;197,9;;218;;233,9
Agosto;;0;;0;;0;;0;;0,1;;0,1;;0,2;;0,4;;0,6;;1;;2,2;;4,5;;7,5;;11,5;;16,3;;23,5;;29,6;;35,2;;38,8;;40,6;;42,6;;44,3;;53,2;;60,8;;66,9;;69,2;;74;;80,7;;86,5;;92,8;;98,6;;106,1;;114,5;;124,6;;135,5;;148,3;;162,3;;171,1;;185,3;;199,7;;219,2;;235,9
Septiembre;;0;;0;;0;;0;;0,1;;0,1;;0,2;;0,4;;0,6;;1,1;;2,5;;4,8;;7,8;;11,9;;16,9;;24;;30,3;;35,5;;39;;40,6;;42,8;;44,4;;54,9;;61,3;;67,1;;69,8;;74,4;;81;;87;;93;;98,9;;106,6;;115,8;;126,3;;136,9;;149,4;;162,7;;172;;186,2;;200,7;;220,6;;237
3º Trimestre;;0;;0;;0;;0;;0,1;;0,1;;0,2;;0,4;;0,6;;1;;2,2;;4,5;;7,5;;11,5;;16,3;;23,4;;29,6;;35,2;;38,8;;40,6;;42,6;;44,4;;52,8;;60,7;;66,7;;69,4;;73,9;;80,3;;86,4;;92,5;;98,3;;106,1;;114,5;;124,7;;135,6;;148,1;;162,1;;171;;185,2;;199,5;;219,3;;235,6
Octubre;;0;;0;;0;;0,1;;0,1;;0,1;;0,3;;0,4;;0,6;;1,2;;2,7;;5;;8,1;;12,2;;17,5;;24,4;;30,8;;35,8;;39,3;;40,8;;43,1;;44,6;;55,4;;61,6;;66,9;;70;;74,2;;80,8;;87,3;;93;;99,6;;107,4;;117,2;;127,3;;137,7;;150,3;;163;;172,8;;186,7;;202,2;;221,9;;...
Noviembre;;0;;0;;0;;0,1;;0,1;;0,2;;0,3;;0,4;;0,7;;1,2;;2,8;;5,2;;8,2;;12,5;;18,1;;24,8;;31,2;;36,1;;39,4;;40,8;;43,1;;44,6;;55,6;;61,7;;66,7;;69,9;;74,3;;80,6;;87,5;;93,1;;99,5;;107,8;;117,6;;127,6;;137,9;;150,9;;163,1;;173,4;;187,3;;203,1;;222,6;;...
Diciembre;;0;;0;;0;;0,1;;0,1;;0,2;;0,3;;0,4;;0,7;;1,3;;2,9;;5,4;;8,5;;13;;18,7;;25,4;;31,5;;36,3;;39,5;;41,1;;43,2;;44,7;;56,3;;62,1;;66,8;;70,1;;74,5;;80,9;;88,3;;93,5;;100;;108,6;;116,7;;126,7;;137,1;;150,1;;162,2;;172,9;;186,6;;203;;222,1;;...
4º Trimestre;;0;;0;;0;;0,1;;0,1;;0,2;;0,3;;0,4;;0,7;;1,2;;2,8;;5,2;;8,3;;12,6;;18,1;;24,9;;31,2;;36;;39,4;;40,9;;43,1;;44,6;;55,8;;61,8;;66,8;;70;;74,3;;80,8;;87,7;;93,2;;99,7;;107,9;;117,2;;127,2;;137,6;;150,4;;162,8;;173;;186,9;;202,8;;222,2;;#¡DIV/0!
Información revisada al 18/OCT/2021;;;;;;;;;;;;;;;;;;;;;;;;;;;;;;;;;;;;;;;;;;;;;;;;;;;;;;;;;;;;;;;;;;;;;;;;;;;;;;;;;;;;
Fuentes;;;;;;;;;;;;;;;;;;;;;;;;;;;;;;;;;;;;;;;;;;;;;;;;;;;;;;;;;;;;;;;;;;;;;;;;;;;;;;;;;;;;
[A] INDEC: Instituto Nacional de Estadísticas y Censos. Argentina - Indice de precios al consumidor de Argentina. - http://www.indec.gov.ar/;;;;;;;;;;;;;;;;;;;;;;;;;;;;;;;;;;;;;;;;;;;;;;;;;;;;;;;;;;;;;;;;;;;;;;;;;;;;;;;;;;;;
[B] INE - Bolivia: Instituto Nacional de Estadística de Bolivia - Indice de precios al consumidor de  Bolivia. - http://www.ine.gob.bo/indice/indice.aspx?d1=0202&d2=6;;;;;;;;;;;;;;;;;;;;;;;;;;;;;;;;;;;;;;;;;;;;;;;;;;;;;;;;;;;;;;;;;;;;;;;;;;;;;;;;;;;;
[C] IBGE: Instituto Brasileiro de Geografia e Estatística - Índice nacional de preços ao consumidor do Brasil. - http://www.sidra.ibge.gov.br/bda;;;;;;;;;;;;;;;;;;;;;;;;;;;;;;;;;;;;;;;;;;;;;;;;;;;;;;;;;;;;;;;;;;;;;;;;;;;;;;;;;;;;
[D] DANE: Departamento Administrativo Nacional de Estadística - Indice de precios al consumidor de Colombia. - http://www.dane.gov.co/daneweb_V09/index.php?option=com_content&view=article&id=103&Itemid=76;;;;;;;;;;;;;;;;;;;;;;;;;;;;;;;;;;;;;;;;;;;;;;;;;;;;;;;;;;;;;;;;;;;;;;;;;;;;;;;;;;;;
[E] BANXICO: Banco de México - Indice de precios al consumidor de México. - http://www.banxico.org.mx/politica-monetaria-e-inflacion/estadisticas/inflacion/indices-precios.html;;;;;;;;;;;;;;;;;;;;;;;;;;;;;;;;;;;;;;;;;;;;;;;;;;;;;;;;;;;;;;;;;;;;;;;;;;;;;;;;;;;;
[F] INE - Uruguay: Instituto Nacional de Estadísticas de Uruguay - Indice de precios al consumidor de Uruguay - http://www.ine.gub.uy/preciosysalarios/ipc2008.asp?Indicador=ipc;;;;;;;;;;;;;;;;;;;;;;;;;;;;;;;;;;;;;;;;;;;;;;;;;;;;;;;;;;;;;;;;;;;;;;;;;;;;;;;;;;;;
[G] INE - Chile: Instituto Nacional de Estadísticas de Chile - Indice de precios al consumidor de Chile. - http://www.ine.cl/canales/chile_estadistico/estadisticas_precios/ipc/nuevo_ipc/nuevo_ipc.php;;;;;;;;;;;;;;;;;;;;;;;;;;;;;;;;;;;;;;;;;;;;;;;;;;;;;;;;;;;;;;;;;;;;;;;;;;;;;;;;;;;;
[H] INEC: Instituto Ecuatoriano de Estadísticas y Censos - Indice de precios al consumidor de Ecuador. - http://www.inec.gob.ec/web/guest/ecu_est/est_eco/ind_eco/ipc;;;;;;;;;;;;;;;;;;;;;;;;;;;;;;;;;;;;;;;;;;;;;;;;;;;;;;;;;;;;;;;;;;;;;;;;;;;;;;;;;;;;
[I] BCP: Banco Central del Paraguay - Indice de precios al consumidor de Paraguay. - http://www.bcp.gov.py/index.php?option=com_content&view=article&id=426:ansis-macroecono-y-coyuntural&catid=54:econom&Itemid=250;;;;;;;;;;;;;;;;;;;;;;;;;;;;;;;;;;;;;;;;;;;;;;;;;;;;;;;;;;;;;;;;;;;;;;;;;;;;;;;;;;;;
[J] INEI: Instituto Nacional de Estadística e Informática. Perú - Indice de precios al consumidor de Perú. - http://www.inei.gob.pe;;;;;;;;;;;;;;;;;;;;;;;;;;;;;;;;;;;;;;;;;;;;;;;;;;;;;;;;;;;;;;;;;;;;;;;;;;;;;;;;;;;;
[K] INE-Guatemala: Instituto Nacional de Estadísticas de Guatemala - Indice de precios al consumidor de Guatemala. - http://www.ine.gob.gt/;;;;;;;;;;;;;;;;;;;;;;;;;;;;;;;;;;;;;;;;;;;;;;;;;;;;;;;;;;;;;;;;;;;;;;;;;;;;;;;;;;;;
Notas;;;;;;;;;;;;;;;;;;;;;;;;;;;;;;;;;;;;;;;;;;;;;;;;;;;;;;;;;;;;;;;;;;;;;;;;;;;;;;;;;;;;
a/ Capital federal y Gran Buenos Aires. Base Diciembre 2016=100;;;;;;;;;;;;;;;;;;;;;;;;;;;;;;;;;;;;;;;;;;;;;;;;;;;;;;;;;;;;;;;;;;;;;;;;;;;;;;;;;;;;
b/ Ciudades de Sucre, La Paz, Cochabamba, Oruro, Potosí, Tarija, Santa Cruz de la Sierra, Trinidad y Cobija;;;;;;;;;;;;;;;;;;;;;;;;;;;;;;;;;;;;;;;;;;;;;;;;;;;;;;;;;;;;;;;;;;;;;;;;;;;;;;;;;;;;
c/ Base 2016=100;;;;;;;;;;;;;;;;;;;;;;;;;;;;;;;;;;;;;;;;;;;;;;;;;;;;;;;;;;;;;;;;;;;;;;;;;;;;;;;;;;;;
d/ Brasil.;;;;;;;;;;;;;;;;;;;;;;;;;;;;;;;;;;;;;;;;;;;;;;;;;;;;;;;;;;;;;;;;;;;;;;;;;;;;;;;;;;;;
e/ BaseEnero 2012 =100;;;;;;;;;;;;;;;;;;;;;;;;;;;;;;;;;;;;;;;;;;;;;;;;;;;;;;;;;;;;;;;;;;;;;;;;;;;;;;;;;;;;
f/ Colombia.;;;;;;;;;;;;;;;;;;;;;;;;;;;;;;;;;;;;;;;;;;;;;;;;;;;;;;;;;;;;;;;;;;;;;;;;;;;;;;;;;;;;
g/ Base Diciembre 2018=100;;;;;;;;;;;;;;;;;;;;;;;;;;;;;;;;;;;;;;;;;;;;;;;;;;;;;;;;;;;;;;;;;;;;;;;;;;;;;;;;;;;;
h/ Hasta 2012 fue calculado por el Banco de Mexico, a partir de 2013 por el INEGI. Cobertura México.;;;;;;;;;;;;;;;;;;;;;;;;;;;;;;;;;;;;;;;;;;;;;;;;;;;;;;;;;;;;;;;;;;;;;;;;;;;;;;;;;;;;
i/ Base 2da Quincena de Julio 2018=100;;;;;;;;;;;;;;;;;;;;;;;;;;;;;;;;;;;;;;;;;;;;;;;;;;;;;;;;;;;;;;;;;;;;;;;;;;;;;;;;;;;;
j/ Nacional.;;;;;;;;;;;;;;;;;;;;;;;;;;;;;;;;;;;;;;;;;;;;;;;;;;;;;;;;;;;;;;;;;;;;;;;;;;;;;;;;;;;;
k/ Base Diciembre 2010=100;;;;;;;;;;;;;;;;;;;;;;;;;;;;;;;;;;;;;;;;;;;;;;;;;;;;;;;;;;;;;;;;;;;;;;;;;;;;;;;;;;;;
"l/ Gran Santiago, Provincia de Santiago, Comuna de Puente Alto y comuna de San Bernardo hasta 2009; Nacional a partir de 2010";;;;;;;;;;;;;;;;;;;;;;;;;;;;;;;;;;;;;;;;;;;;;;;;;;;;;;;;;;;;;;;;;;;;;;;;;;;;;;;;;;;;
m/ Base 2018 =100;;;;;;;;;;;;;;;;;;;;;;;;;;;;;;;;;;;;;;;;;;;;;;;;;;;;;;;;;;;;;;;;;;;;;;;;;;;;;;;;;;;;
n/ Ecuador.;;;;;;;;;;;;;;;;;;;;;;;;;;;;;;;;;;;;;;;;;;;;;;;;;;;;;;;;;;;;;;;;;;;;;;;;;;;;;;;;;;;;
o/ Base 2014=100;;;;;;;;;;;;;;;;;;;;;;;;;;;;;;;;;;;;;;;;;;;;;;;;;;;;;;;;;;;;;;;;;;;;;;;;;;;;;;;;;;;;
p/ Asunción.;;;;;;;;;;;;;;;;;;;;;;;;;;;;;;;;;;;;;;;;;;;;;;;;;;;;;;;;;;;;;;;;;;;;;;;;;;;;;;;;;;;;
q/ Base Diciembre 2017=100;;;;;;;;;;;;;;;;;;;;;;;;;;;;;;;;;;;;;;;;;;;;;;;;;;;;;;;;;;;;;;;;;;;;;;;;;;;;;;;;;;;;
r/ Lima Metropolitana.;;;;;;;;;;;;;;;;;;;;;;;;;;;;;;;;;;;;;;;;;;;;;;;;;;;;;;;;;;;;;;;;;;;;;;;;;;;;;;;;;;;;
s/ Base 2009= 100;;;;;;;;;;;;;;;;;;;;;;;;;;;;;;;;;;;;;;;;;;;;;;;;;;;;;;;;;;;;;;;;;;;;;;;;;;;;;;;;;;;;
t/ Guatemala.;;;;;;;;;;;;;;;;;;;;;;;;;;;;;;;;;;;;;;;;;;;;;;;;;;;;;;;;;;;;;;;;;;;;;;;;;;;;;;;;;;;;
u/ Base Diciembre 2010=100;;;;;;;;;;;;;;;;;;;;;;;;;;;;;;;;;;;;;;;;;;;;;;;;;;;;;;;;;;;;;;;;;;;;;;;;;;;;;;;;;;;;
v/ A partir de la Base de (IV trimestre de 2013=100) se cuenta con cobertura Nacional;;;;;;;;;;;;;;;;;;;;;;;;;;;;;;;;;;;;;;;;;;;;;;;;;;;;;;;;;;;;;;;;;;;;;;;;;;;;;;;;;;;;
w/ A partir de Junio de 2016, se tiene base abril 2016=100, con cobertura en el Gran Buenos Aires;;;;;;;;;;;;;;;;;;;;;;;;;;;;;;;;;;;;;;;;;;;;;;;;;;;;;;;;;;;;;;;;;;;;;;;;;;;;;;;;;;;;
Process time ~10.49219 seg.;;;;;;;;;;;;;;;;;;;;;;;;;;;;;;;;;;;;;;;;;;;;;;;;;;;;;;;;;;;;;;;;;;;;;;;;;;;;;;;;;;;;